Name,Age,Team,Year,Season,City,Sport,Medal
Adrien Duvillard,21,France,1956,Winter,Cortina d'Ampezzo,Alpine Skiing,NA
Aleksandr Andreyevich Filatov,27,Soviet Union,1956,Winter,Cortina d'Ampezzo,Alpine Skiing,NA
Andreas Pantelidis,21,Greece,1984,Winter,Sarajevo,Alpine Skiing,NA
Anna Erika Hansson,20,Sweden,1994,Winter,Lillehammer,Alpine Skiing,NA
Brynhild Grasmoen ,19,United States,1948,Winter,Sankt Moritz,Alpine Skiing,NA
Chiaki Ishioka,26,Japan,1988,Winter,Calgary,Alpine Skiing,NA
"Chimene Mary ""Chemmy"" Alcott",23,Great Britain,2006,Winter,Torino,Alpine Skiing,NA
Clemente Tellechea,27,Argentina,1960,Winter,Squaw Valley,Alpine Skiing,NA
"Erik Olof Anders ""Olle"" Roln",27,Sweden,1972,Winter,Sapporo,Alpine Skiing,NA
Felice De Nicolo,21,Italy,1964,Winter,Innsbruck,Alpine Skiing,NA
Georgette Miller-Thiollire,27,France,1948,Winter,Sankt Moritz,Alpine Skiing,NA
Gumundur Gumundsson,27,Iceland,1948,Winter,Sankt Moritz,Alpine Skiing,NA
Guy Prillat Merceroz,19,France,1960,Winter,Squaw Valley,Alpine Skiing,NA
Imre Csk,23,Hungary,1936,Winter,Garmisch-Partenkirchen,Alpine Skiing,NA
Irene Epple,22,West Germany,1980,Winter,Lake Placid,Alpine Skiing,NA
Jana Gantnerov-oltsov,16,Czechoslovakia,1976,Winter,Innsbruck,Alpine Skiing,NA
Janica Kosteli,24,Croatia,2006,Winter,Torino,Alpine Skiing,NA
Jean-Luc Crtier,25,France,1992,Winter,Albertville,Alpine Skiing,NA
Johnny Albertsen,32,Denmark,2010,Winter,Vancouver,Alpine Skiing,NA
Jorge Pujol Planella,24,Spain,1992,Winter,Albertville,Alpine Skiing,NA
Julien Castellini,18,Monaco,1994,Winter,Lillehammer,Alpine Skiing,NA
Kanet Sucharitakul,21,Thailand,2014,Winter,Sochi,Alpine Skiing,NA
Konstantin Anatolyevich Sats,23,Russia,2006,Winter,Torino,Alpine Skiing,NA
Lasse Kjus ,35,Norway,2006,Winter,Torino,Alpine Skiing,NA
Lotte Smiseth Sejersted,18,Norway,2014,Winter,Sochi,Alpine Skiing,NA
Lucile Wheeler,21,Canada,1956,Winter,Cortina d'Ampezzo,Alpine Skiing,Bronze
"Ludwig ""Luggi"" Leitner",23,Germany,1964,Winter,Innsbruck,Alpine Skiing,NA
Luis Alberto Cristobal Hernndez,23,Spain,1994,Winter,Lillehammer,Alpine Skiing,NA
Mara Jos Rienda Contreras,18,Spain,1994,Winter,Lillehammer,Alpine Skiing,NA
Marc Berthod,22,Switzerland,2006,Winter,Torino,Alpine Skiing,NA
"Mathilde ""Hilde"" Gerg",22,Germany,1998,Winter,Nagano,Alpine Skiing,NA
Mattias Hargin,28,Sweden,2014,Winter,Sochi,Alpine Skiing,NA
Megan Jean McJames,26,United States,2014,Winter,Sochi,Alpine Skiing,NA
Nancy Catherine Greene,20,Canada,1964,Winter,Innsbruck,Alpine Skiing,NA
Noelle Barahona Neder,19,Chile,2010,Winter,Vancouver,Alpine Skiing,NA
Pablo Rosenkjer,17,Argentina,1948,Winter,Sankt Moritz,Alpine Skiing,NA
Patrick Brachner,22,Azerbaijan,2014,Winter,Sochi,Alpine Skiing,NA
Pernilla Christina Wiberg,27,Sweden,1998,Winter,Nagano,Alpine Skiing,NA
Rafael Caas,22,Chile,1976,Winter,Innsbruck,Alpine Skiing,NA
Regina Sackl,20,Austria,1980,Winter,Lake Placid,Alpine Skiing,NA
Roger Vidosa Riba,25,Andorra,2010,Winter,Vancouver,Alpine Skiing,NA
Rosemary Sparrow,22,Great Britain,1948,Winter,Sankt Moritz,Alpine Skiing,NA
Sarah Margareta Thomasson,26,Sweden,1952,Winter,Oslo,Alpine Skiing,NA
Silvia Stump,18,Switzerland,1972,Winter,Sapporo,Alpine Skiing,NA
Spencer Pession,22,Great Britain,1994,Winter,Lillehammer,Alpine Skiing,NA
Stefan Asenov Georgiev,24,Bulgaria,2002,Winter,Salt Lake City,Alpine Skiing,NA
Stuart Fitzsimmons,19,Great Britain,1976,Winter,Innsbruck,Alpine Skiing,NA
Tom Stiansen,21,Norway,1992,Winter,Albertville,Alpine Skiing,NA
Toni Brgler,22,Switzerland,1980,Winter,Lake Placid,Alpine Skiing,NA
Vicente Tomas Hernndez,22,Spain,1992,Winter,Albertville,Alpine Skiing,NA
Wendy Holdener,20,Switzerland,2014,Winter,Sochi,Alpine Skiing,NA
Xavier F. Ubeira Rubio,23,Spain,1994,Winter,Lillehammer,Alpine Skiing,NA
Ai Ouchi,21,Japan,1996,Summer,Atlanta,Archery,NA
Anastasiya Vladyslavivna Pavlova,21,Ukraine,2016,Summer,Rio de Janeiro,Archery,NA
Aurora Gonzala Bretn Gmez,42,Mexico,1992,Summer,Barcelona,Archery,NA
Brady Lee Ellison,23,United States,2012,Summer,London,Archery,NA
Denis Canuel,25,Canada,1988,Summer,Seoul,Archery,NA
Frdric Adolphe Petit,43,France,1900,Summer,Paris,Archery,Bronze
"George Philip ""Phil"" Bryant",26,Boston Archers,1904,Summer,St. Louis,Archery,Bronze
Kirstin Jean Lewis,28,South Africa,2004,Summer,Athina,Archery,NA
Loedmila Arzjannikova,34,Unified Team,1992,Summer,Barcelona,Archery,Bronze
Ma Shaorong,17,China,1988,Summer,Seoul,Archery,NA
Michelle Tremelling,31,Australia,2000,Summer,Sydney,Archery,NA
Mohamad Khairul Anuar,24,Malaysia,2016,Summer,Rio de Janeiro,Archery,NA
Oleksandr Oleksiyovych Serdiuk,30,Ukraine,2008,Summer,Beijing,Archery,NA
"Richard Lee ""Rick"" McKinney",38,United States,1992,Summer,Barcelona,Archery,NA
Samo Medved,34,Slovenia,1996,Summer,Atlanta,Archery,NA
Veronique Marrier D'Unienville,41,Mauritius,2008,Summer,Beijing,Archery,NA
Abbas Mohamed,24,Nigeria,1988,Summer,Seoul,Athletics,NA
Abdullah Hussein Al-Dosari,27,Bahrain,1992,Summer,Barcelona,Athletics,NA
Aida O. Molinos Plares,23,Philippines,1964,Summer,Tokyo,Athletics,NA
Alex Wright,25,Ireland,2016,Summer,Rio de Janeiro,Athletics,NA
Altevir Silva de Arajo Filho,24,Brazil,1980,Summer,Moskva,Athletics,NA
Amanuel Mesel Tikue,25,Eritrea,2016,Summer,Rio de Janeiro,Athletics,NA
Ana Maria Guerreiro Dias,26,Portugal,2000,Summer,Sydney,Athletics,NA
Andrs Espinosa Prez,37,Mexico,2000,Summer,Sydney,Athletics,NA
Andrs Ruz Malaver,28,Colombia,2016,Summer,Rio de Janeiro,Athletics,NA
Anselmo Gomes da Silva,27,Brazil,2008,Summer,Beijing,Athletics,NA
"Anthony ""Tony"" Sharpe",23,Canada,1984,Summer,Los Angeles,Athletics,Bronze
Anthony Wilson,23,Canada,1992,Summer,Barcelona,Athletics,NA
Archfell Musango,21,Zambia,1980,Summer,Moskva,Athletics,NA
Arthur Delaender,29,Belgium,1920,Summer,Antwerpen,Athletics,NA
Barbara Bishop (Bovell),16,Barbados,1972,Summer,Munich,Athletics,NA
Barbara Ellen Wilson-Jordan,24,Australia,1976,Summer,Montreal,Athletics,NA
Barnab Jolicoeur,29,Mauritius,1996,Summer,Atlanta,Athletics,NA
Betty Lindsay McKinnon,23,Australia,1948,Summer,London,Athletics,Silver
Beverly McDonald (Stewart),30,Jamaica,2000,Summer,Sydney,Athletics,Bronze
Birgit Clarius (He),27,Germany,1992,Summer,Barcelona,Athletics,NA
Bo Henning Gustafsson,29,Sweden,1984,Summer,Los Angeles,Athletics,Silver
Britta Madelein Svensson (Strmqvist),23,Sweden,1992,Summer,Barcelona,Athletics,NA
Bror Henry Lindblad,22,Sweden,1928,Summer,Amsterdam,Athletics,NA
"Catherine Ann ""Cathy"" Sulinski",26,United States,1984,Summer,Los Angeles,Athletics,NA
Catherine Capdevielle,18,France,1956,Summer,Melbourne,Athletics,NA
Chen Jingwen,18,China,2008,Summer,Beijing,Athletics,NA
Cheung Suet Yee,23,Hong Kong,1988,Summer,Seoul,Athletics,NA
Curtis Alexander Robb,20,Great Britain,1992,Summer,Barcelona,Athletics,NA
Damian Warner,22,Canada,2012,Summer,London,Athletics,NA
Dana Velkov,35,Slovakia,2016,Summer,Rio de Janeiro,Athletics,NA
Daniele Meucci,26,Italy,2012,Summer,London,Athletics,NA
"David George ""Dave"" Bailey",23,Canada,1968,Summer,Mexico City,Athletics,NA
David George Brownlow Cecil Burghley,27,Great Britain,1932,Summer,Los Angeles,Athletics,NA
Derrick Atkins,24,Bahamas,2008,Summer,Beijing,Athletics,NA
"Dominick Steven ""Dom"" King",33,Great Britain,2016,Summer,Rio de Janeiro,Athletics,NA
"Donald Forbes ""Don"" Macgregor",33,Great Britain,1972,Summer,Munich,Athletics,NA
Douglas Zinkala,24,Zambia,1968,Summer,Mexico City,Athletics,NA
Edward Boyce,23,Great Britain,1936,Summer,Berlin,Athletics,NA
Eleanor McKenzie (Miller),21,Canada,1952,Summer,Helsinki,Athletics,NA
Eric Victor Dunbar,22,Great Britain,1920,Summer,Antwerpen,Athletics,NA
Erick Bernab Barrondo Garca,21,Guatemala,2012,Summer,London,Athletics,NA
Erika Pollmann (Rost),20,Germany,1964,Summer,Tokyo,Athletics,NA
Erin Hinano Tierney,18,Cook Islands,1988,Summer,Seoul,Athletics,NA
"Eugnius Joannes ""mile"" Langenraedt",20,Belgium,1928,Summer,Amsterdam,Athletics,NA
Eva Lehock-Gleskov,29,Czechoslovakia,1972,Summer,Munich,Athletics,NA
Evelyn Ashford (Washington),35,United States,1992,Summer,Barcelona,Athletics,NA
Evelyn Carolina de Oliveira dos Santos,27,Brazil,2012,Summer,London,Athletics,NA
Fermn Cacho Ruiz,27,Spain,1996,Summer,Atlanta,Athletics,Silver
Fernando Eugnio Pacheco Mamede,19,Portugal,1972,Summer,Munich,Athletics,NA
Fidel Solrzano,26,Ecuador,1988,Summer,Seoul,Athletics,NA
Foy Draper,22,United States,1936,Summer,Berlin,Athletics,Gold
Friederike Mhlenkamp,23,Germany,2016,Summer,Rio de Janeiro,Athletics,NA
Gabriella Dorio (Spigarolo),19,Italy,1976,Summer,Montreal,Athletics,NA
"Georges Dsir ""Go"" Malfait",29,France,1908,Summer,London,Athletics,NA
Georgy Gavrilovich Ivakin,23,Soviet Union,1952,Summer,Helsinki,Athletics,NA
Germn Lujn Lauro,28,Argentina,2012,Summer,London,Athletics,NA
Gertrud Kille (Schlter),27,Germany,1952,Summer,Helsinki,Athletics,NA
Giovanni Perricelli,21,Italy,1988,Summer,Seoul,Athletics,NA
Gnter Wilhelm Leichum,25,Germany,1936,Summer,Berlin,Athletics,Bronze
Hagen Pohle,24,Germany,2016,Summer,Rio de Janeiro,Athletics,NA
Haji Bakr Al-Qahtani,23,Saudi Arabia,1988,Summer,Seoul,Athletics,NA
Halland Britton,34,Great Britain,1924,Summer,Paris,Athletics,NA
Ho Chin-Ping,32,Chinese Taipei,2016,Summer,Rio de Janeiro,Athletics,NA
Ibrahim Mohamedin Aboubaker,21,Qatar,2004,Summer,Athina,Athletics,NA
Ihor Petrenko,22,Soviet Union,1960,Summer,Roma,Athletics,NA
Ilrey Oliver (Sparks),21,Jamaica,1984,Summer,Los Angeles,Athletics,NA
Ilze Gribule,20,Latvia,2004,Summer,Athina,Athletics,NA
Ivan Grigoryevich Tikhon,28,Belarus,2004,Summer,Athina,Athletics,NA
"James Donald ""Don"" McFarlane",21,Canada,1952,Summer,Helsinki,Athletics,NA
Jan Bielecki,29,Denmark,2000,Summer,Sydney,Athletics,NA
Jasem Goma'an Al-Dowaila,25,Kuwait,1988,Summer,Seoul,Athletics,NA
Javier Adolfo Carriqueo Inostroza,29,Argentina,2008,Summer,Beijing,Athletics,NA
"Jennifer ""Jenny"" Dahlgren Fitzner",32,Argentina,2016,Summer,Rio de Janeiro,Athletics,NA
"Johannes ""Hanns"" Braun",25,Germany,1912,Summer,Stockholm,Athletics,NA
John Paul Lyndon Regis,25,Great Britain,1992,Summer,Barcelona,Athletics,NA
Jol Denis Bourgeois,25,Canada,1996,Summer,Atlanta,Athletics,NA
Joseph Gikonyo Mukinyi,31,Kenya,1996,Summer,Atlanta,Athletics,NA
"Josip ""Jozo"" Alebi",25,Yugoslavia,1972,Summer,Munich,Athletics,NA
Kenneth Dzekedzeke,19,Malawi,1988,Summer,Seoul,Athletics,NA
"Khrysopigi ""Pigi"" Devetzi",28,Greece,2004,Summer,Athina,Athletics,Silver
Kjell Gunnar Isaksson,24,Sweden,1972,Summer,Munich,Athletics,NA
Kjersti Tysse-Pltzer,36,Norway,2008,Summer,Beijing,Athletics,Silver
Kobala Vithanage Damayanthi Dharsha,25,Sri Lanka,2000,Summer,Sydney,Athletics,NA
"Kostiantyn Mykhailovych ""Kostia"" Rurak",22,Ukraine,1996,Summer,Atlanta,Athletics,NA
Kyriakos Ioannou,20,Cyprus,2004,Summer,Athina,Athletics,NA
Laine Erik (Kallas),22,Soviet Union,1964,Summer,Tokyo,Athletics,NA
Lee Mi-Ok,30,South Korea,1988,Summer,Seoul,Athletics,NA
Llewellyn George Herbert,18,South Africa,1996,Summer,Atlanta,Athletics,NA
"Louis Joseph ""Lou"" Sebert",21,Canada,1908,Summer,London,Athletics,NA
Louis Nkanza,22,Congo (Brazzaville),1972,Summer,Munich,Athletics,NA
Lszl Stor,27,Hungary,1980,Summer,Moskva,Athletics,NA
Lucien Sellapuliage Benedict Rosa,28,Sri Lanka,1972,Summer,Munich,Athletics,NA
Lynn Williams (Kanuka-),24,Canada,1984,Summer,Los Angeles,Athletics,Bronze
Ma Chun-Ping,20,Chinese Taipei,1992,Summer,Barcelona,Athletics,NA
Manfred Kinder,26,Germany,1964,Summer,Tokyo,Athletics,NA
Manuel Carlos Gayoso Daz,28,Spain,1972,Summer,Munich,Athletics,NA
Maria Musso,25,Italy,1956,Summer,Melbourne,Athletics,NA
Maricica Puic (Luca-),25,Romania,1976,Summer,Montreal,Athletics,NA
Marko Ewout Koers,19,Netherlands,1992,Summer,Barcelona,Athletics,NA
Methkal Marouf Abu Drais,32,Jordan,2016,Summer,Rio de Janeiro,Athletics,NA
mile Jean Binet,28,Belgium,1936,Summer,Berlin,Athletics,NA
Mirosaw Zenon Wodzyski,21,Poland,1972,Summer,Munich,Athletics,NA
Mogens Daniel Guldberg,25,Denmark,1988,Summer,Seoul,Athletics,NA
Nancy Lewington,19,Canada,1960,Summer,Roma,Athletics,NA
Nataliya Akhrimenko (Petrova),33,Soviet Union,1988,Summer,Seoul,Athletics,NA
Nebiat Habtemariam Measho,25,Eritrea,2004,Summer,Athina,Athletics,NA
"Nicholas Ian ""Nick"" Willis",21,New Zealand,2004,Summer,Athina,Athletics,NA
Nobuyoshi Sadanaga,31,Japan,1960,Summer,Roma,Athletics,NA
Norma Enriqueta Basilio Sotelo,20,Mexico,1968,Summer,Mexico City,Athletics,NA
Odelmys Palma Lpez,24,Cuba,1996,Summer,Atlanta,Athletics,NA
Olena Kholosha,30,Ukraine,2012,Summer,London,Athletics,NA
Olesea Cojuhari,22,Moldova,2012,Summer,London,Athletics,NA
Oscar Larsen,24,Norway,1912,Summer,Stockholm,Athletics,NA
Otis Crandall Davis,28,United States,1960,Summer,Roma,Athletics,Gold
Ouattara Lagazane,29,Cote d'Ivoire,1992,Summer,Barcelona,Athletics,NA
Paavo Ilmari Yrjl,30,Finland,1932,Summer,Los Angeles,Athletics,NA
Paul Erik Olofsson Carlgren,25,Sweden,1972,Summer,Munich,Athletics,NA
Petra Mller (Schersing),23,East Germany,1988,Summer,Seoul,Athletics,Bronze
Pierre Mazille,26,France,1948,Summer,London,Athletics,NA
"Raymond Amos ""Ray"" Robertson",22,United States,1924,Summer,Paris,Athletics,NA
Regina George Grause,21,Nigeria,2012,Summer,London,Athletics,NA
Reinhold Saulmann,24,Estonia,1920,Summer,Antwerpen,Athletics,NA
Reyes Estvez Lpez,32,Spain,2008,Summer,Beijing,Athletics,NA
Roman Fosti,33,Estonia,2016,Summer,Rio de Janeiro,Athletics,NA
Rosa Alba Chacha Chacha,33,Ecuador,2016,Summer,Rio de Janeiro,Athletics,NA
Rosmery Quispe Guarachi,32,Bolivia,2016,Summer,Rio de Janeiro,Athletics,NA
Samuel Aurelio Anderson Schweyer,22,Cuba,1952,Summer,Helsinki,Athletics,NA
Sandra Elizabeth Brown (Webb),22,Australia,1968,Summer,Mexico City,Athletics,NA
Seun Ogunkoya,22,Nigeria,2000,Summer,Sydney,Athletics,NA
"Susan Elizabeth ""Sue"" Hobson",42,Australia,2000,Summer,Sydney,Athletics,NA
Sven Otto Nilsson,28,Sweden,1908,Summer,London,Athletics,NA
Tapio Olavi Luoto,21,Finland,1948,Summer,London,Athletics,NA
Toms Salvador Paquete,28,Portugal,1952,Summer,Helsinki,Athletics,NA
Verna Johnston (McIntosh),22,Australia,1952,Summer,Helsinki,Athletics,NA
Viktor Semyonovich Semyonov,27,Soviet Union,1976,Summer,Montreal,Athletics,NA
Viktoriya Viktorovna Zyabkina,23,Kazakhstan,2016,Summer,Rio de Janeiro,Athletics,NA
Vittorio Zucca,28,Italy,1924,Summer,Paris,Athletics,NA
Vnuste Niyongabo,22,Burundi,1996,Summer,Atlanta,Athletics,Gold
Walter Strebi,20,Switzerland,1924,Summer,Paris,Athletics,NA
Wassana Panyapuek,15,Thailand,1984,Summer,Los Angeles,Athletics,NA
Werner Christen,34,Switzerland,1948,Summer,London,Athletics,NA
"Wilhelm ""Ville"" Kyrnen",33,Finland,1924,Summer,Paris,Athletics,NA
Wilhelm Rothmayer,25,Austria,1936,Summer,Berlin,Athletics,NA
"William L. ""Bill"" Reilly",25,United States,1968,Summer,Mexico City,Athletics,NA
William Sawe,33,Kenya,1988,Summer,Seoul,Athletics,NA
Wolfgang Schillkowski,22,Germany,1964,Summer,Tokyo,Athletics,NA
Xenia Stad-de Jong (van Bijlevelt),26,Netherlands,1948,Summer,London,Athletics,Gold
Yennifer Frank Casaas Hernndez,33,Spain,2012,Summer,London,Athletics,NA
Yumeka Sano,27,Japan,2012,Summer,London,Athletics,NA
Zalina Marghiev (Petrivskaya),28,Moldova,2016,Summer,Rio de Janeiro,Athletics,NA
Zdenk Pospil,27,Czechoslovakia,1952,Summer,Helsinki,Athletics,NA
Zhang Guowei,21,China,2012,Summer,London,Athletics,NA
Zhu Ronghua,30,China,2004,Summer,Athina,Athletics,NA
Zsuzsa Szab (Nagy-),24,Hungary,1964,Summer,Tokyo,Athletics,NA
Eline Olga Coene,32,Netherlands,1996,Summer,Atlanta,Badminton,NA
Hongyan Pi,29,France,2008,Summer,Beijing,Badminton,NA
Lars Hjer Paaske,24,Denmark,2000,Summer,Sydney,Badminton,NA
Lee Hyo-Jeong,27,South Korea-1,2008,Summer,Beijing,Badminton,Gold
Linda Zetchiri,29,Bulgaria,2016,Summer,Rio de Janeiro,Badminton,NA
Yuliani Sentoso,24,Indonesia,1996,Summer,Atlanta,Badminton,NA
Akihiro Togo,25,Japan,1992,Summer,Barcelona,Baseball,Bronze
Danel Castro Muagorri,24,Cuba,2000,Summer,Sydney,Baseball,Silver
Pai Kun-Hong,22,Chinese Taipei,1992,Summer,Barcelona,Baseball,Silver
Pedro Luis Lazo Iglesias,31,Cuba,2004,Summer,Athina,Baseball,Gold
Adam Maria Niemiec,21,Poland,1968,Summer,Mexico City,Basketball,NA
"Adriana ""Adrianinha"" Moiss Pinto",33,Brazil,2012,Summer,London,Basketball,NA
Camille Marie Thompson,24,Canada,1996,Summer,Atlanta,Basketball,NA
"Charles Thomas ""Tom"" McMillen",20,United States,1972,Summer,Munich,Basketball,Silver
"Daniel ""Danny"" Morseu",25,Australia,1984,Summer,Los Angeles,Basketball,NA
Du Feng,27,China,2008,Summer,Beijing,Basketball,NA
Fouad Abdel Meguid Abou El-Kheir,30,Egypt,1952,Summer,Helsinki,Basketball,NA
Frantiek Hjek,20,Czechoslovakia,1936,Summer,Berlin,Basketball,NA
Giuseppina Tufano,27,Italy,1992,Summer,Barcelona,Basketball,NA
Joachim Linnemann,21,West Germany,1972,Summer,Munich,Basketball,NA
Lszl Gabnyi,25,Hungary,1960,Summer,Roma,Basketball,NA
Luis Emilio Villar,29,Argentina,1996,Summer,Atlanta,Basketball,NA
"Patricia Sue ""Pat"" Head (Summitt)",24,United States,1976,Summer,Montreal,Basketball,Silver
Serhiy Ivanovych Kovalenko,21,Soviet Union,1968,Summer,Mexico City,Basketball,Bronze
Shannon Regina Johnson,29,United States,2004,Summer,Athina,Basketball,Gold
Sun Yue,22,China,2008,Summer,Beijing,Basketball,NA
Tamra Dauniene (Kaagina-),24,Soviet Union,1976,Summer,Montreal,Basketball,Gold
Vladimir Viktorovich Zhigily,27,Soviet Union,1980,Summer,Moskva,Basketball,Bronze
Alfred Eder,30,Austria,1984,Winter,Sarajevo,Biathlon,NA
Andrea Henkel (Burke),24,Germany,2002,Winter,Salt Lake City,Biathlon,Gold
Anna Ivanovna Bogaly-Titovets,26,Russia,2006,Winter,Torino,Biathlon,NA
"Anthony ""Tony"" McLeod",24,Great Britain,1984,Winter,Sarajevo,Biathlon,NA
Brendan Green,27,Canada,2014,Winter,Sochi,Biathlon,NA
Carl Davies,23,Great Britain,1988,Winter,Calgary,Biathlon,NA
Charles Plamondon,26,Canada,1988,Winter,Calgary,Biathlon,NA
Delphyne Heymann-Burlet,25,France,1992,Winter,Albertville,Biathlon,NA
Dorothea Wierer,23,Italy,2014,Winter,Sochi,Biathlon,Bronze
Ekaterina Stefanova Dafovska (Prodanova),22,Bulgaria,1998,Winter,Nagano,Biathlon,Gold
Iveta Knkov,26,Czech Republic,1994,Winter,Lillehammer,Biathlon,NA
Janez Obolt,23,Slovenia,1994,Winter,Lillehammer,Biathlon,NA
Jean-Claude Viry,32,France,1976,Winter,Innsbruck,Biathlon,NA
Karin Oberhofer,24,Italy,2010,Winter,Vancouver,Biathlon,NA
Karl David Ekholm,27,Sweden,2006,Winter,Torino,Biathlon,NA
Kauri Kiv,30,Estonia,2014,Winter,Sochi,Biathlon,NA
Kazuo Sasakubo,29,Japan,1976,Winter,Innsbruck,Biathlon,NA
Krystyna Stanisawa Paka (Guzik),30,Poland,2014,Winter,Sochi,Biathlon,NA
Mattia Cola,25,Italy,2010,Winter,Vancouver,Biathlon,NA
Micha Piecha,26,Poland,2006,Winter,Torino,Biathlon,NA
Oleksiy Vitaliyovych Korobeinikov,27,Ukraine,2006,Winter,Torino,Biathlon,NA
Olga Sergeyevna Kudryashova,31,Belarus,2010,Winter,Vancouver,Biathlon,NA
Sergey Petrovich Tarasov,28,Russia,1994,Winter,Lillehammer,Biathlon,Bronze
Soa Mihokov,34,Slovakia,2006,Winter,Torino,Biathlon,NA
"Steven ""Steve"" Cyr",30,Canada,1998,Winter,Nagano,Biathlon,NA
Valentyna Adamivna Tserbe-Nessina,25,Ukraine,1994,Winter,Lillehammer,Biathlon,Bronze
Yuki Nakajima,23,Japan,2014,Winter,Sochi,Biathlon,NA
Adrian Duminicel,25,Romania-1,2006,Winter,Torino,Bobsleigh,NA
"Benjamin Stuart ""Ben"" Simons",27,Great Britain-2,2014,Winter,Sochi,Bobsleigh,NA
Carl-Erik Mauritz Eriksson,33,Sweden-2,1964,Winter,Innsbruck,Bobsleigh,NA
Dietmar Schauerhammer,28,East Germany-2,1984,Winter,Sarajevo,Bobsleigh,Gold
Elana Alessandra Meyers (Taylor),29,United States-1,2014,Winter,Sochi,Bobsleigh,Silver
Fritz Feierabend,27,Switzerland-1,1936,Winter,Garmisch-Partenkirchen,Bobsleigh,Silver
Giorgio Alver,32,Italy-1,1976,Winter,Innsbruck,Bobsleigh,NA
Hans Ngle,26,Germany-2,1928,Winter,Sankt Moritz,Bobsleigh,Bronze
Hans-Peter Welz,30,Austria,2006,Winter,Torino,Bobsleigh,NA
Josef Eder,25,Austria-1,1968,Winter,Grenoble,Bobsleigh,Silver
Masaru Miyauchi,25,Japan,2010,Winter,Vancouver,Bobsleigh,NA
mile Kleber,36,France-2,1936,Winter,Garmisch-Partenkirchen,Bobsleigh,NA
Oleksiy Zhukov,29,Ukraine,1994,Winter,Lillehammer,Bobsleigh,NA
Adewale Adegbusi,30,Nigeria,1988,Summer,Seoul,Boxing,NA
Arslanbek Aylow,23,Turkmenistan,2016,Summer,Rio de Janeiro,Boxing,NA
Bakhtiyar Tyleganov,20,Kazakhstan,1996,Summer,Atlanta,Boxing,NA
Bruno Petrarca,17,Italy,1924,Summer,Paris,Boxing,NA
Clotilde Coln Santiago,21,Puerto Rico,1948,Summer,London,Boxing,NA
Eamonn Henry McCusker,23,Ireland,1968,Summer,Mexico City,Boxing,NA
Gnohere Sery,23,Cote d'Ivoire,1984,Summer,Los Angeles,Boxing,NA
Grzegorz Kiesa,30,Poland,2000,Summer,Sydney,Boxing,NA
Harry Valfrid Siljander,29,Finland,1952,Summer,Helsinki,Boxing,Bronze
Hctor Juliano Maturano Giuranovich,30,Argentina,1952,Summer,Helsinki,Boxing,NA
Imre Bcskai,27,Hungary,1988,Summer,Seoul,Boxing,NA
Kurt Antero Mattsson,24,Finland,1964,Summer,Tokyo,Boxing,NA
Masibulele Makepula,23,South Africa,1996,Summer,Atlanta,Boxing,NA
Mirko Puzovi,28,Yugoslavia,1984,Summer,Los Angeles,Boxing,Bronze
Philippe Desavoye,23,France,1988,Summer,Seoul,Boxing,NA
Rafael Zuiga Medrano,21,Colombia,1984,Summer,Los Angeles,Boxing,NA
Raoul Sarrazin,22,Canada,1960,Summer,Roma,Boxing,NA
Roberto Caminero Prez,19,Cuba,1964,Summer,Tokyo,Boxing,NA
Vazik Ghazarian,23,Iran,1960,Summer,Roma,Boxing,NA
verton dos Santos Lopes,19,Brazil,2008,Summer,Beijing,Boxing,NA
Wataru Yamada,21,Japan,1988,Summer,Seoul,Boxing,NA
Agafia Orlov-Buhaev-Constantin,29,Romania,1984,Summer,Los Angeles,Canoeing,NA
Alvydas Duonla,28,Lithuania,2004,Summer,Athina,Canoeing,NA
Andrian Pavlov Dushev,26,Bulgaria,1996,Summer,Atlanta,Canoeing,Bronze
Ann Margarit Henningsen,19,Mexico,1968,Summer,Mexico City,Canoeing,NA
Antonio Rucco,29,Italy,1960,Summer,Roma,Canoeing,NA
Ayaka Kuno,20,Japan,2008,Summer,Beijing,Canoeing,NA
Benny Staffan Malmsten (Eriksson-),25,Sweden,1996,Summer,Atlanta,Canoeing,NA
Caroline Brunet,19,Canada,1988,Summer,Seoul,Canoeing,NA
Detlef Lewe,29,West Germany,1968,Summer,Mexico City,Canoeing,Silver
Finn Rasmussen,27,Denmark,1948,Summer,London,Canoeing,NA
Gao Beibei,21,China,1996,Summer,Atlanta,Canoeing,NA
Gyrgy Zala,31,Hungary,2000,Summer,Sydney,Canoeing,NA
Hiroyuki Izumi,18,Japan,1984,Summer,Los Angeles,Canoeing,NA
Jan Bartnk,27,Czechoslovakia,1992,Summer,Barcelona,Canoeing,NA
Javier Andrs Correa,24,Argentina,2000,Summer,Sydney,Canoeing,NA
Jens Christian Srensen,23,Denmark,1972,Summer,Munich,Canoeing,NA
Jozef Turza,20,Czechoslovakia,1992,Summer,Barcelona,Canoeing,NA
Katrin Wagner-Augustin,34,Germany,2012,Summer,London,Canoeing,NA
Lasse Nielsen,20,Denmark,2004,Summer,Athina,Canoeing,NA
Luis Gregorio Ramos Mision,31,Spain,1984,Summer,Los Angeles,Canoeing,NA
Mario Angelo Di Stazio,21,Italy,1972,Summer,Munich,Canoeing,NA
Per Gunnar Larsson,22,Sweden,1968,Summer,Mexico City,Canoeing,NA
Rudolf Dombi,25,Hungary,2012,Summer,London,Canoeing,Gold
Tage Ragnar Valdemar Fahlborg,24,Sweden,1936,Summer,Berlin,Canoeing,Bronze
"Vladislavas ""Vladas"" esinas",32,Soviet Union,1972,Summer,Munich,Canoeing,Gold
Wolfgang Hartl,43,Austria,1984,Summer,Los Angeles,Canoeing,NA
Aino-Kaisa Saarinen,31,Finland,2010,Winter,Vancouver,Cross Country Skiing,NA
Algo Krp,28,Estonia,2014,Winter,Sochi,Cross Country Skiing,NA
Alison Owen-Spencer (Kiesel),19,United States,1972,Winter,Sapporo,Cross Country Skiing,NA
Anatoly Vasilyevich Akentyev,28,Soviet Union,1968,Winter,Grenoble,Cross Country Skiing,NA
Andrey Igorevich Nevzorov,32,Kazakhstan,1998,Winter,Nagano,Cross Country Skiing,NA
Anne Marjut Astrid Rolig-Lukkarinen,28,Finland,1994,Winter,Lillehammer,Cross Country Skiing,NA
Anton Gottstein,30,Czechoslovakia,1924,Winter,Chamonix,Cross Country Skiing,NA
Aram Hadzhiyan,22,Armenia,2002,Winter,Salt Lake City,Cross Country Skiing,NA
Athanasios Koutsogiannis,19,Greece,1976,Winter,Innsbruck,Cross Country Skiing,NA
Boldyn Byambadorj,22,Mongolia,2014,Winter,Sochi,Cross Country Skiing,NA
Constanze Blum,25,Germany,1998,Winter,Nagano,Cross Country Skiing,NA
Diego Ruiz Asn,20,Spain,1998,Winter,Nagano,Cross Country Skiing,NA
Dominique Locatelli,23,France,1984,Winter,Sarajevo,Cross Country Skiing,NA
Donald A. MacLeod,26,Canada,1964,Winter,Innsbruck,Cross Country Skiing,NA
Elin Maria Ek,28,Sweden,2002,Winter,Salt Lake City,Cross Country Skiing,NA
Federico Pellegrino,23,Italy,2014,Winter,Sochi,Cross Country Skiing,NA
Fikret ren,22,Turkey,1992,Winter,Albertville,Cross Country Skiing,NA
Florentin Mihai Galiceanu,23,Romania,2006,Winter,Torino,Cross Country Skiing,NA
German Yevgenyevich Karachevsky,23,Unified Team,1992,Winter,Albertville,Cross Country Skiing,NA
Hwang Byung-Dae,19,South Korea,1980,Winter,Lake Placid,Cross Country Skiing,NA
Ivan Bayrakov,22,Bulgaria,2006,Winter,Torino,Cross Country Skiing,NA
"Ivana ""Iva"" Janekov",25,Czech Republic,2010,Winter,Vancouver,Cross Country Skiing,NA
Josef Wenzl,29,Germany,2014,Winter,Sochi,Cross Country Skiing,NA
Jzef Daniel Krzeptowski,26,Poland,1948,Winter,Sankt Moritz,Cross Country Skiing,NA
Kazunari Sasaki,31,Japan,1994,Winter,Lillehammer,Cross Country Skiing,NA
Kristen Skjeldal,26,Norway,1994,Winter,Lillehammer,Cross Country Skiing,NA
Lari Lehtonen,26,Finland,2014,Winter,Sochi,Cross Country Skiing,NA
Laura Orgue Vila,27,Spain,2014,Winter,Sochi,Cross Country Skiing,NA
Leif Haugen,30,Norway,1948,Winter,Sankt Moritz,Cross Country Skiing,NA
Luis Teodoro Argel Mancilla,32,Argentina,1992,Winter,Albertville,Cross Country Skiing,NA
Matti Kullervo Kuosku,34,Sweden,1976,Winter,Innsbruck,Cross Country Skiing,NA
Muhammet Kzlarslan,19,Turkey,2006,Winter,Torino,Cross Country Skiing,NA
Nataa Laen,30,Slovenia,2002,Winter,Salt Lake City,Cross Country Skiing,NA
Nathalie Schwarz,20,Austria,2014,Winter,Sochi,Cross Country Skiing,NA
Nils Arne Torgny Mogren,24,Sweden,1988,Winter,Calgary,Cross Country Skiing,Gold
Nobu Naruse,25,Japan,2010,Winter,Vancouver,Cross Country Skiing,NA
Oleksandr Zarovniy,22,Ukraine,1998,Winter,Nagano,Cross Country Skiing,NA
"Peter ""Pete"" Vordenberg",20,United States,1992,Winter,Albertville,Cross Country Skiing,NA
Philippe Sanchez,22,France,1992,Winter,Albertville,Cross Country Skiing,NA
Pirkko Sisko Mtt,34,Finland,1994,Winter,Lillehammer,Cross Country Skiing,NA
Raisa Petrovna Smetanina,31,Soviet Union,1984,Winter,Sarajevo,Cross Country Skiing,Silver
Roman Erikovich Virolaynen,20,Belarus,2002,Winter,Salt Lake City,Cross Country Skiing,NA
Rosana Kiroska,19,Macedonia,2010,Winter,Vancouver,Cross Country Skiing,NA
Silja Suija,19,Estonia,1994,Winter,Lillehammer,Cross Country Skiing,NA
Silvio Confortola,38,Italy,1948,Winter,Sankt Moritz,Cross Country Skiing,NA
Silvio Fauner,33,Italy,2002,Winter,Salt Lake City,Cross Country Skiing,NA
Simone Greiner-Petter-Memm,20,East Germany,1988,Winter,Calgary,Cross Country Skiing,NA
Svetlana Deshevykh,27,Kazakhstan,1998,Winter,Nagano,Cross Country Skiing,NA
Taivo Kuus,22,Estonia,1992,Winter,Albertville,Cross Country Skiing,NA
Thomas Alsgaard (Alsgrd-),22,Norway,1994,Winter,Lillehammer,Cross Country Skiing,Gold
Tor Hkon Holte,25,Norway,1984,Winter,Sarajevo,Cross Country Skiing,NA
Vclav Korunka,26,Czechoslovakia,1992,Winter,Albertville,Cross Country Skiing,NA
Ville Antero Nousiainen,22,Finland,2006,Winter,Torino,Cross Country Skiing,NA
Yekaterina Ivanovna Rudakova-Bulavka,26,Belarus,2010,Winter,Vancouver,Cross Country Skiing,NA
Yuliya Anatolyevna Chepalova,29,Russia,2006,Winter,Torino,Cross Country Skiing,Silver
Anna Maria Svrd-Le Moine (Bergstrm-),32,Sweden,2006,Winter,Torino,Curling,Gold
Kelly Wood (Schafer),24,Great Britain,2006,Winter,Torino,Curling,NA
Richard Hart,29,Canada,1998,Winter,Nagano,Curling,Silver
"Ulrich ""Uli"" Kapp",34,Germany,2006,Winter,Torino,Curling,NA
Alan Danson,23,Great Britain,1956,Summer,Melbourne,Cycling,NA
Allison Beveridge,23,Canada,2016,Summer,Rio de Janeiro,Cycling,NA
August Joseph Nogara,24,United States,1920,Summer,Antwerpen,Cycling,NA
Christian Stahl,21,United States,2004,Summer,Athina,Cycling,NA
Claudio Vandelli,23,Italy,1984,Summer,Los Angeles,Cycling,Gold
Dan Frost,27,Denmark,1988,Summer,Seoul,Cycling,NA
David Gillow,22,Zimbabwe,1980,Summer,Moskva,Cycling,NA
Diao Xiao Juan,30,Hong Kong,2016,Summer,Rio de Janeiro,Cycling,NA
"Elisabet ""Elsbeth"" van Rooy-Vink",35,Netherlands,2008,Summer,Beijing,Cycling,NA
Gary John Anderson,24,New Zealand,1992,Summer,Barcelona,Cycling,Bronze
Gennady Viktorovich Komnatov,22,Soviet Union,1972,Summer,Munich,Cycling,Gold
Giuseppe Beghetto,20,Italy,1960,Summer,Roma,Cycling,Gold
Guo Shuang,26,China,2012,Summer,London,Cycling,Bronze
"Hendrik ""Erik"" Dekker",25,Netherlands,1996,Summer,Atlanta,Cycling,NA
Hubert Bchli,21,Switzerland,1960,Summer,Roma,Cycling,NA
Ihor Vasylovych Tselovalnykov,28,Soviet Union,1972,Summer,Munich,Cycling,Gold
"Jeffrey ""Jeff"" Williams",21,Great Britain,1980,Summer,Moskva,Cycling,NA
John Said Boulicault,17,United States,1924,Summer,Paris,Cycling,NA
"Joseph ""Joe"" Laporte",17,Canada,1924,Summer,Paris,Cycling,NA
Jutatip Maneephan,28,Thailand,2016,Summer,Rio de Janeiro,Cycling,NA
Kristin Ann Armstrong (Savola),34,United States,2008,Summer,Beijing,Cycling,Gold
Marcel Carlos Paul Gaston Delaplane (De la Plane-),26,France,1908,Summer,London,Cycling,NA
Maria T. M. Blower (Porter),19,Great Britain,1984,Summer,Los Angeles,Cycling,NA
"Matthew ""Matt"" Illingworth",27,Great Britain,1996,Summer,Atlanta,Cycling,NA
Michael David Hepburn,24,Australia,2016,Summer,Rio de Janeiro,Cycling,Silver
Michal Klasa,26,Czechoslovakia,1980,Summer,Moskva,Cycling,Bronze
Michel Scob,25,France,1960,Summer,Roma,Cycling,NA
Miguel Martinez,20,France,1996,Summer,Atlanta,Cycling,Bronze
Paul Alexander Medhurst,22,Great Britain,1976,Summer,Montreal,Cycling,NA
Paul James Rowney,29,Australia,2000,Summer,Sydney,Cycling,NA
Philippe Gilbert,30,Belgium,2012,Summer,London,Cycling,NA
"Royden Souly ""Buck"" Ingham",21,United States,1932,Summer,Los Angeles,Cycling,NA
Sebastian Kartfjord,21,Norway,2008,Summer,Beijing,Cycling,NA
Stanisaw Zieliski,24,Poland,1936,Summer,Berlin,Cycling,NA
Stephan Joho,20,Switzerland,1984,Summer,Los Angeles,Cycling,NA
"Stephen ""Steve"" Jones",22,Great Britain,1980,Summer,Moskva,Cycling,NA
"Terence ""Terry"" Tinsley",23,Great Britain,1980,Summer,Moskva,Cycling,NA
"Thomas Henry Eddy ""Harry"" Passmore",23,South Africa,1908,Summer,London,Cycling,NA
Thomas Voeckler,25,France,2004,Summer,Athina,Cycling,NA
Valdir Lermen,19,Brazil,1996,Summer,Atlanta,Cycling,NA
Valentyna Karpenko,27,Ukraine,2000,Summer,Sydney,Cycling,NA
Wang Yan,26,China,2000,Summer,Sydney,Cycling,NA
Wilfried Peffgen,22,Germany,1964,Summer,Tokyo,Cycling,NA
Yves Landry,21,Canada,1968,Summer,Mexico City,Cycling,NA
Zdenk Kota,29,Czechoslovakia,1952,Summer,Helsinki,Cycling,NA
Anioara Oprea,23,Romania,2000,Summer,Sydney,Diving,NA
Ernst Rudolf Eklund,17,Sweden,1912,Summer,Stockholm,Diving,NA
Juan Guillermo Urn Salazar,17,Colombia,2000,Summer,Sydney,Diving,NA
Robert Theodor Andersson,25,Sweden,1912,Summer,Stockholm,Diving,NA
Roger Heinkel,23,France,1936,Summer,Berlin,Diving,NA
Shunsuke Kaneto,20,Japan,1960,Summer,Roma,Diving,NA
Tom Lemaire,28,Belgium,1988,Summer,Seoul,Diving,NA
Viktor Pogozhev,27,Soviet Union,1968,Summer,Mexico City,Diving,NA
Andrew Clifton Nicholson,47,New Zealand,2008,Summer,Beijing,Equestrianism,NA
Arthur von Pongracz de Szent-Mikls und vr,63,Austria,1928,Summer,Amsterdam,Equestrianism,NA
David Foster,29,Ireland,1984,Summer,Los Angeles,Equestrianism,NA
Eddy Kahn,29,Netherlands,1936,Summer,Berlin,Equestrianism,NA
Emile Faurie,28,Great Britain,1992,Summer,Barcelona,Equestrianism,NA
Georges Pierre Joseph Serlez,36,Belgium,1924,Summer,Paris,Equestrianism,NA
Horst Khler,33,East Germany,1972,Summer,Munich,Equestrianism,NA
"Johannes Augustinus Petrus ""Jan"" Tops",31,Netherlands,1992,Summer,Barcelona,Equestrianism,NA
Jonelle Richards-Price,31,New Zealand,2012,Summer,London,Equestrianism,Bronze
Jos Navarro Morenes,30,Spain,1928,Summer,Amsterdam,Equestrianism,NA
Knut Trygve Gysler,32,Norway,1920,Summer,Antwerpen,Equestrianism,NA
Kyra Marie Christine Kyrklund,36,Finland,1988,Summer,Seoul,Equestrianism,NA
Mark James Todd,32,New Zealand,1988,Summer,Seoul,Equestrianism,NA
Michel Vaillancourt,21,Canada,1976,Summer,Montreal,Equestrianism,NA
Phillip Peter Dutton,44,United States,2008,Summer,Beijing,Equestrianism,NA
Phillip Peter Dutton,52,United States,2016,Summer,Rio de Janeiro,Equestrianism,Bronze
Pierre Fourier Henri Pernot du Breuil,29,France,1928,Summer,Amsterdam,Equestrianism,NA
Renyldo Pedro Guimares Ferreira,25,Brazil,1948,Summer,London,Equestrianism,NA
Robin Hahn,39,Canada,1972,Summer,Munich,Equestrianism,NA
Thomas Frhmann,23,Austria,1976,Summer,Montreal,Equestrianism,NA
Tiana Michelle Coudray,23,United States,2012,Summer,London,Equestrianism,NA
Tiziana Realini,24,Switzerland,2008,Summer,Beijing,Equestrianism,NA
Werner Frans Kilcher,25,Switzerland,1952,Summer,Helsinki,Equestrianism,NA
"Wilhelm ""Willi"" Melliger",42,Switzerland,1996,Summer,Atlanta,Equestrianism,Silver
"William Greenwood ""Bill"" Carr",35,Great Britain,1936,Summer,Berlin,Equestrianism,NA
Yoshihiko Kowata,27,Japan,1992,Summer,Barcelona,Equestrianism,NA
Abelardo Menndez Orue,23,Cuba,1952,Summer,Helsinki,Fencing,NA
"Adrianus Egbert Willem ""Arie"" de Jong",37,Netherlands,1920,Summer,Antwerpen,Fencing,NA
Adrien Gry Rommel,37,France,1952,Summer,Helsinki,Fencing,Gold
Alain Ct,24,Canada,1988,Summer,Seoul,Fencing,NA
Alexandru Chiculi,31,Romania,1992,Summer,Barcelona,Fencing,NA
Alfred Joan Labouchere,61,Netherlands,1928,Summer,Amsterdam,Fencing,NA
Arnd Rdiger Schmitt,31,Germany,1996,Summer,Atlanta,Fencing,NA
Carolin Elisabeth Golubytskyi (Wutz),22,Germany,2008,Summer,Beijing,Fencing,NA
"Clifford S. ""Cliff"" Bayer",23,United States,2000,Summer,Sydney,Fencing,NA
Clothilde Magnan,23,France,1996,Summer,Atlanta,Fencing,NA
Conrado Julio F. Rolando Queirolo,19,Uruguay,1924,Summer,Paris,Fencing,NA
Denis Claude Cunningham,34,Hong Kong,1984,Summer,Los Angeles,Fencing,NA
"Dietrich ""Dieter"" Fnger",34,Germany,1960,Summer,Roma,Fencing,NA
Elmir Eldarovich Alimzhanov,25,Kazakhstan,2012,Summer,London,Fencing,NA
Eugne Victor Olivier,26,France,1908,Summer,London,Fencing,Bronze
Fernand Jourdant,29,France,1932,Summer,Los Angeles,Fencing,Gold
Franck Boidin,23,France,1996,Summer,Atlanta,Fencing,Bronze
Frederico da Cunha Paredes,31,Portugal,1920,Summer,Antwerpen,Fencing,NA
Gustavo Gutirrez Campos,19,Venezuela,1952,Summer,Helsinki,Fencing,NA
Hans Olov Dan Jacobson,33,Sweden,1980,Summer,Moskva,Fencing,NA
Hans-Peter Schulze,32,East Germany,1972,Summer,Munich,Fencing,NA
Harriet King,33,United States,1968,Summer,Mexico City,Fencing,NA
Henrique de Sampaio e Castro Pereira da Cunha da Silveira,19,Portugal,1920,Summer,Antwerpen,Fencing,NA
Henrique Tavian Pereira Marques,19,Brazil,2016,Summer,Rio de Janeiro,Fencing,NA
Imre Hennyei (Hager),35,Hungary,1948,Summer,London,Fencing,NA
Ivan Joseph Martin Osiier,39,Denmark,1928,Summer,Amsterdam,Fencing,NA
Jakob Erckrath de Bary,44,Germany,1908,Summer,London,Fencing,NA
Jan Leon Nawrocki,38,Poland,1952,Summer,Helsinki,Fencing,NA
"Janusz ""Jan"" Rycki",21,Poland,1960,Summer,Roma,Fencing,NA
Jens Ole Haldorff Berthelsen,33,Denmark,1924,Summer,Paris,Fencing,NA
Jerri Arnold Bergstrm,25,Sweden,1988,Summer,Seoul,Fencing,NA
John Albert Moreau,33,United States,1984,Summer,Los Angeles,Fencing,NA
Jos Luis Abajo Gmez,30,Spain,2008,Summer,Beijing,Fencing,Bronze
Klaus Kotzmann,20,East Germany,1980,Summer,Moskva,Fencing,NA
Leszek Jarosaw Jabonowski,26,Poland,1980,Summer,Moskva,Fencing,NA
Luis Alberto Lucchetti,33,Argentina,1936,Summer,Berlin,Fencing,NA
Luis Manuel Ortz,32,Cuba,1980,Summer,Moskva,Fencing,NA
Maria Valentina Vezzali,22,Italy,1996,Summer,Atlanta,Fencing,Silver
Mohamed Gamil El-Kalyoubi,27,Egypt,1964,Summer,Tokyo,Fencing,NA
Noam Mills,22,Israel,2008,Summer,Beijing,Fencing,NA
Olena Serhivna Kryvytska,25,Ukraine,2012,Summer,London,Fencing,NA
Pl Schmitt,34,Hungary,1976,Summer,Montreal,Fencing,NA
Rdiger Mller,25,East Germany,1980,Summer,Moskva,Fencing,NA
Roger Francis Tredgold,36,Great Britain,1948,Summer,London,Fencing,NA
Ronald Parfitt,39,Great Britain,1952,Summer,Helsinki,Fencing,NA
Siegfried Rossner,38,Germany,1952,Summer,Helsinki,Fencing,NA
Simona Pop (Deac),27,Romania,2016,Summer,Rio de Janeiro,Fencing,NA
Stefano Cerioni,24,Italy,1988,Summer,Seoul,Fencing,Gold
Tamara Esteri Almeida,29,Cuba,1996,Summer,Atlanta,Fencing,NA
Vladimir Gennadyevich Denisov,29,Soviet Union,1976,Summer,Montreal,Fencing,NA
"William Jedediah ""Jed"" Dupree",24,United States,2004,Summer,Athina,Fencing,NA
William Law Bowman,30,United States,1912,Summer,Stockholm,Fencing,NA
Witold Rajmund Gadomski,24,Poland,1992,Summer,Barcelona,Fencing,NA
Zhang Jian,22,China,1984,Summer,Los Angeles,Fencing,NA
Eva Petov,23,Czechoslovakia,1976,Winter,Innsbruck,Figure Skating,NA
Isabelle Delobel,31,France-1,2010,Winter,Vancouver,Figure Skating,NA
Jen bert,21,Hungary,1968,Winter,Grenoble,Figure Skating,NA
Jozef Bestndig,23,Slovakia,2002,Winter,Salt Lake City,Figure Skating,NA
Kalle Kustaa Tuulos,25,Finland,1956,Winter,Cortina d'Ampezzo,Figure Skating,NA
Karel Vostka,18,Czechoslovakia,1948,Winter,Sankt Moritz,Figure Skating,NA
Kathleen Marion Lovett (Whyatt),29,Great Britain-2,1928,Winter,Sankt Moritz,Figure Skating,NA
Laetitia Hubert,19,France,1994,Winter,Lillehammer,Figure Skating,NA
Lenka Kulovan,17,Czechoslovakia,1992,Winter,Albertville,Figure Skating,NA
"Matthew ""Matt"" Savoie",25,United States,2006,Winter,Torino,Figure Skating,NA
Micha Zych,23,Poland,2006,Winter,Torino,Figure Skating,NA
Michael Farrington,21,Canada-3,1988,Winter,Calgary,Figure Skating,NA
Silvia Fontana (Zimmerman),29,Italy,2006,Winter,Torino,Figure Skating,NA
Sonja Balun,16,Austria,1972,Winter,Sapporo,Figure Skating,NA
Svitlana Ivanivna Chernikova,16,Ukraine-2,1994,Winter,Lillehammer,Figure Skating,NA
Szabolcs Vidrai,20,Hungary,1998,Winter,Nagano,Figure Skating,NA
Tatyana Aleksandrovna Navka,26,Russia-2,2002,Winter,Salt Lake City,Figure Skating,NA
Zoltn Tth,22,Hungary,2002,Winter,Salt Lake City,Figure Skating,NA
Ahmed Mohamed Nabih ElMekkawi,29,Egypt,1952,Summer,Helsinki,Football,NA
Albert Ernest Linton,24,Galt Football Club,1904,Summer,St. Louis,Football,Gold
Andy Ariel Najar Rodrguez,19,Honduras,2012,Summer,London,Football,NA
Battista Rota,19,Italy,1952,Summer,Helsinki,Football,NA
Carlos Roberto Rocha Gallo,20,Brazil,1976,Summer,Montreal,Football,NA
"Charles ""Charlie"" Yankos",27,Australia,1988,Summer,Seoul,Football,NA
Domenico Morfeo,20,Italy,1996,Summer,Atlanta,Football,NA
Edgar E. Chacn Paredes,23,Guatemala,1968,Summer,Mexico City,Football,NA
Emmanuel Regis Ndong Mba,20,Gabon,2012,Summer,London,Football,NA
Ernst Melchior,28,Austria,1948,Summer,London,Football,NA
Fabio Espinosa,24,Colombia,1972,Summer,Munich,Football,NA
Franois Weber,29,Luxembourg,1928,Summer,Amsterdam,Football,NA
"Frederick William ""Fred"" Steep",29,Galt Football Club,1904,Summer,St. Louis,Football,Gold
Idriss Carlos Kameni,16,Cameroon,2000,Summer,Sydney,Football,Gold
Ion Voinescu,23,Romania,1952,Summer,Helsinki,Football,NA
ivorad Jevti,19,Yugoslavia,1964,Summer,Tokyo,Football,NA
Janine van Wyk,29,South Africa,2016,Summer,Rio de Janeiro,Football,NA
Jean Wilhelm Willrich,31,United States,1984,Summer,Los Angeles,Football,NA
Johan Erik Vitalis Eugn Bergstrm,26,Sweden,1912,Summer,Stockholm,Football,NA
Jon Bortey Noawy,29,Ghana,1968,Summer,Mexico City,Football,NA
"Jos Marcelo ""Z Maria"" Ferreira",22,Brazil,1996,Summer,Atlanta,Football,Bronze
"Joseph ""Joe"" Ghartey",29,Ghana,1972,Summer,Munich,Football,NA
Karel Lichtngl,28,Czechoslovakia,1964,Summer,Tokyo,Football,Silver
Maria de Jess Castillo Nicasio,21,Mexico,2004,Summer,Athina,Football,NA
"Michael ""Mike"" Ivanow",25,United States,1972,Summer,Munich,Football,NA
Mihly Csutors,24,Hungary,1936,Summer,Berlin,Football,NA
Milko Gaydarski,22,Bulgaria,1968,Summer,Mexico City,Football,Silver
"Mohamed Abdel Atif ""Mimi"" El-Sherbini",27,Egypt,1964,Summer,Tokyo,Football,NA
Mykhailo Ivanovych Fomenko,27,Soviet Union,1976,Summer,Montreal,Football,Bronze
Nenad Graan,22,Yugoslavia,1984,Summer,Los Angeles,Football,Bronze
Niels Christian Oscar Nielsen (Nrland),23,Denmark,1906,Summer,Athina,Football,Gold
"Osea W. Tikomailepanoni ""Joseph"" Turagabeci",21,Fiji,2016,Summer,Rio de Janeiro,Football,NA
Poul Jensen,26,Denmark,1960,Summer,Roma,Football,Silver
Ral Gonzlez Blanco,19,Spain,1996,Summer,Atlanta,Football,NA
Revaz Chelebadze,24,Soviet Union,1980,Summer,Moskva,Football,Bronze
Ruben Anton Zadkovich,22,Australia,2008,Summer,Beijing,Football,NA
Rubn Jos Agero,28,Argentina,1988,Summer,Seoul,Football,NA
"Rudolf ""Rudi"" Seliger",20,West Germany,1972,Summer,Munich,Football,NA
Spase Dilevski,19,Australia,2004,Summer,Athina,Football,NA
Sun Jinshun,29,China,1936,Summer,Berlin,Football,NA
Wan Houliang,22,China,2008,Summer,Beijing,Football,NA
Benoit Valentin,21,France,2014,Winter,Sochi,Freestyle Skiing,NA
Deborah Scanzio,27,Italy,2014,Winter,Sochi,Freestyle Skiing,NA
Thomas Lambert,25,Switzerland,2010,Winter,Vancouver,Freestyle Skiing,NA
"Hee-Young ""Amy"" Yang",27,South Korea,2016,Summer,Rio de Janeiro,Golf,NA
akir xliyev,21,Azerbaijan,2012,Summer,London,Gymnastics,NA
Albert Bachmann,29,Switzerland,1936,Summer,Berlin,Gymnastics,NA
Alena Devjan (Coufalov),19,Czechoslovakia,1988,Summer,Seoul,Gymnastics,NA
"Alfred August ""Al"" Jochim",34,United States,1936,Summer,Berlin,Gymnastics,NA
Alojz Petrovi,24,Yugoslavia,1960,Summer,Roma,Gymnastics,NA
Andr Weingand,33,France,1948,Summer,London,Gymnastics,NA
Andreas Bretschneider,26,Germany,2016,Summer,Rio de Janeiro,Gymnastics,NA
Anna Anatolyevna Pavlova,16,Russia,2004,Summer,Athina,Gymnastics,Bronze
Armand Huberty,30,Luxembourg,1960,Summer,Roma,Gymnastics,NA
Armand Walter,28,France,1936,Summer,Berlin,Gymnastics,NA
Barry Winch,26,Great Britain,1984,Summer,Los Angeles,Gymnastics,NA
Bernard Fauqueux,26,France,1964,Summer,Tokyo,Gymnastics,NA
Camila Comin,17,Brazil,2000,Summer,Sydney,Gymnastics,NA
Ccile Canqueteau,16,France,1996,Summer,Atlanta,Gymnastics,NA
Celeste Andrea Carnevale,18,Argentina,2004,Summer,Athina,Gymnastics,NA
Charles Kristoffer Peter Jensen,26,Denmark,1912,Summer,Stockholm,Gymnastics,NA
Dmitry Vladimirovich Bilozerchev,21,Soviet Union,1988,Summer,Seoul,Gymnastics,NA
Dumitria Turner,16,Romania,1980,Summer,Moskva,Gymnastics,NA
Eberhard Gienger,21,West Germany,1972,Summer,Munich,Gymnastics,NA
Egidio Armelloni,39,Italy,1948,Summer,London,Gymnastics,NA
Einar Georg Johansen (Hvik),28,Norway,1952,Summer,Helsinki,Gymnastics,NA
Elena Ceampelea,25,Romania,1972,Summer,Munich,Gymnastics,NA
Emil Carl Rothe Jr.,20,United States,1904,Summer,St. Louis,Gymnastics,NA
Enrique Toms Gonzlez Seplveda,26,Chile,2012,Summer,London,Gymnastics,NA
Ernst Fivian,29,Switzerland,1960,Summer,Roma,Gymnastics,NA
Ernst Harry Madland,25,Norway,1952,Summer,Helsinki,Gymnastics,NA
Ferenc Pataki,30,Hungary,1948,Summer,London,Gymnastics,NA
Filip Ude,22,Croatia,2008,Summer,Beijing,Gymnastics,NA
Francesca Costa,21,Italy,1960,Summer,Roma,Gymnastics,NA
Frank Rijken,19,Netherlands,2016,Summer,Rio de Janeiro,Gymnastics,NA
Germana Malabarba,14,Italy,1928,Summer,Amsterdam,Gymnastics,Silver
Gertrude Gries,27,Austria,1952,Summer,Helsinki,Gymnastics,NA
Gertrude Winnige-Barosch,23,Austria,1952,Summer,Helsinki,Gymnastics,NA
Gervasio Deferr ngel,23,Spain,2004,Summer,Athina,Gymnastics,NA
Gilbert Larose,26,Canada,1968,Summer,Mexico City,Gymnastics,NA
Giuseppe Paris,28,Italy,1924,Summer,Paris,Gymnastics,NA
gnes Misk,16,Hungary,1988,Summer,Seoul,Gymnastics,NA
Gnter Beier,26,East Germany,1968,Summer,Mexico City,Gymnastics,NA
Han Yun-Su,23,South Korea,1996,Summer,Atlanta,Gymnastics,NA
Hans Ettlin,27,Switzerland,1972,Summer,Munich,Gymnastics,NA
Harumy Mariko de Freitas,17,Brazil,2012,Summer,London,Gymnastics,NA
Heikki Albert (Henry-) Sammallahti (Lundahl-),26,Finland,1912,Summer,Stockholm,Gymnastics,Silver
Heinrich Pahner,20,Germany,1912,Summer,Stockholm,Gymnastics,NA
Helena Rakoczy (Krzynow-),30,Poland,1952,Summer,Helsinki,Gymnastics,NA
Helga Matschkur,25,West Germany,1968,Summer,Mexico City,Gymnastics,NA
Hwang Bo-Sil,19,North Korea,1992,Summer,Barcelona,Gymnastics,NA
Ikina Maria Wilhelmina Morsch,16,Netherlands,1972,Summer,Munich,Gymnastics,NA
Ilia Giorgadze,30,Georgia,2008,Summer,Beijing,Gymnastics,NA
Ivelina Petrova Raykova,16,Bulgaria,1988,Summer,Seoul,Gymnastics,NA
Ivn San Miguel Prez,23,Spain,2008,Summer,Beijing,Gymnastics,NA
Jaime Belenguer Hervs,23,Spain,1960,Summer,Roma,Gymnastics,NA
Jan Migdau,22,Czechoslovakia,1980,Summer,Moskva,Gymnastics,NA
Jana Vejrkov,21,Czechoslovakia,1988,Summer,Seoul,Gymnastics,NA
Janine Rene Rankin,20,Canada,1992,Summer,Barcelona,Gymnastics,NA
Jerzy Pawe Jokiel,29,Poland,1960,Summer,Roma,Gymnastics,NA
Joaquim Santa Maria Granger,24,Portugal,1952,Summer,Helsinki,Gymnastics,NA
"John Alexander ""Jack"" Whitford",28,Great Britain,1952,Summer,Helsinki,Gymnastics,NA
Jos Andr Romersa,20,Luxembourg,1936,Summer,Berlin,Gymnastics,NA
Josef kvor,26,Czechoslovakia,1956,Summer,Melbourne,Gymnastics,NA
Juan Nicolas L. Caviglia,30,Argentina,1960,Summer,Roma,Gymnastics,NA
Jury Dimitri Chechi,26,Italy,1996,Summer,Atlanta,Gymnastics,NA
Karel Kleka,28,Czechoslovakia,1964,Summer,Tokyo,Gymnastics,NA
Kazue Hanyu (Kasamatsu),18,Japan,1968,Summer,Mexico City,Gymnastics,NA
Kim Su-Myeon,21,South Korea,2008,Summer,Beijing,Gymnastics,NA
Kroly Kocsis,22,Hungary,1952,Summer,Helsinki,Gymnastics,NA
Krzysztof Potaczek,22,Poland,1980,Summer,Moskva,Gymnastics,NA
Ladislav Vcha,29,Czechoslovakia,1928,Summer,Amsterdam,Gymnastics,NA
Lajos Sntha,37,Hungary,1952,Summer,Helsinki,Gymnastics,NA
Li Ning,20,China,1984,Summer,Los Angeles,Gymnastics,Gold
Lisa Elena Jane Mason,18,Great Britain,2000,Summer,Sydney,Gymnastics,NA
Lisa Moro,15,Australia,1996,Summer,Atlanta,Gymnastics,NA
Louis Antoine Smith,19,Great Britain,2008,Summer,Beijing,Gymnastics,NA
Louis Henry Rathke,20,United States,1904,Summer,St. Louis,Gymnastics,NA
Margit Korondi,24,Hungary,1956,Summer,Melbourne,Gymnastics,NA
Marina Aleksandrovna Zarzhitskaya,18,Belarus,2000,Summer,Sydney,Gymnastics,NA
Martti Uosikkinen,26,Finland,1936,Summer,Berlin,Gymnastics,NA
Max Brhwiler,24,Switzerland,1972,Summer,Munich,Gymnastics,NA
Maxi Gnauck,15,East Germany,1980,Summer,Moskva,Gymnastics,NA
Meinrad Berchtold,20,Switzerland,1964,Summer,Tokyo,Gymnastics,NA
Miroslav Forte,24,Yugoslavia,1936,Summer,Berlin,Gymnastics,NA
Monica Elisabeth Elfvin (Nkleby),21,Sweden,1960,Summer,Roma,Gymnastics,NA
Muriel Evelyn Davis-Grossfeld,19,United States,1960,Summer,Roma,Gymnastics,NA
Natalia Kot (Wala),18,Poland,1956,Summer,Melbourne,Gymnastics,NA
Ng Shu Wai,19,Malaysia,2004,Summer,Athina,Gymnastics,NA
Nicu Florin Stroia (Gassenheimer),24,Romania,1996,Summer,Atlanta,Gymnastics,NA
Nikolay Kalinkov Atanasov,28,Bulgaria,1952,Summer,Helsinki,Gymnastics,NA
Nikolay Yulyevich Kuksenkov,23,Ukraine,2012,Summer,London,Gymnastics,NA
Nina Derwael,16,Belgium,2016,Summer,Rio de Janeiro,Gymnastics,NA
Nobue Yamazaki,25,Japan,1976,Summer,Montreal,Gymnastics,NA
Nobuyuki Aihara,25,Japan,1960,Summer,Roma,Gymnastics,Gold
Ognyan Bangiev,24,Bulgaria,1980,Summer,Moskva,Gymnastics,NA
Otto Jalmari Kestola,28,Finland,1964,Summer,Tokyo,Gymnastics,NA
Patrizia Bazzi,15,Switzerland,1972,Summer,Munich,Gymnastics,NA
Patrizia Luconi,17,Italy,1988,Summer,Seoul,Gymnastics,NA
Per Anton Mathisen,27,Norway,1912,Summer,Stockholm,Gymnastics,Gold
Peter Hol,25,Norway,1908,Summer,London,Gymnastics,Silver
Peter Martin Kormann,21,United States,1976,Summer,Montreal,Gymnastics,Bronze
Philipp Boy,25,Germany,2012,Summer,London,Gymnastics,NA
Pieter Johan van Dam,23,Netherlands,1928,Summer,Amsterdam,Gymnastics,NA
"Pieternella ""Nel"" Fritz (Zandee)",23,Netherlands,1960,Summer,Roma,Gymnastics,NA
Rasmus Hansen,27,Denmark,1912,Summer,Stockholm,Gymnastics,Silver
Rayna Ivanova Grigorova,20,Bulgaria,1952,Summer,Helsinki,Gymnastics,NA
Ren Badell Pollar,24,Cuba,1972,Summer,Munich,Gymnastics,NA
Rezs Kende,19,Hungary,1928,Summer,Amsterdam,Gymnastics,NA
Robert Klein,30,Germany,1956,Summer,Melbourne,Gymnastics,NA
Roberto Antonio Len Richards Aguiar,18,Cuba,1972,Summer,Munich,Gymnastics,NA
"Rudolf ""Rudy"" Schrader",29,United States,1904,Summer,St. Louis,Gymnastics,NA
Sergio Luini,23,Italy,1996,Summer,Atlanta,Gymnastics,NA
Shen Jian,21,China,1996,Summer,Atlanta,Gymnastics,Silver
Simona Puca (Rus),14,Romania,1984,Summer,Los Angeles,Gymnastics,Gold
tefan Gal,24,Romania,1976,Summer,Montreal,Gymnastics,NA
Todor Nikolov Kondev,25,Bulgaria,1964,Summer,Tokyo,Gymnastics,NA
Vctor Cano Segura,26,Spain,2004,Summer,Athina,Gymnastics,NA
Vilmos Szcs,14,Hungary,1906,Summer,Athina,Gymnastics,NA
Vitaly Venediktovich Shcherbo,20,Unified Team,1992,Summer,Barcelona,Gymnastics,Gold
Walter Bach,26,Switzerland,1936,Summer,Berlin,Gymnastics,NA
Wenche Sjong,17,Norway,1968,Summer,Mexico City,Gymnastics,NA
Yang Tae-Yeong,28,South Korea,2008,Summer,Beijing,Gymnastics,NA
Yelena Lvovna Shushunova,19,Soviet Union,1988,Summer,Seoul,Gymnastics,Gold
"Yelena Mikhaylovna ""Lena"" Piskun",18,Belarus,1996,Summer,Atlanta,Gymnastics,NA
Yordan Yovchev Yovchev,23,Bulgaria,1996,Summer,Atlanta,Gymnastics,NA
Yoshio Miyake,22,Japan,1936,Summer,Berlin,Gymnastics,NA
Zoltn Magyar,26,Hungary,1980,Summer,Moskva,Gymnastics,NA
Ahmed El-Awady,22,Egypt,1992,Summer,Barcelona,Handball,NA
Azenaide Danila Jos Carlos,18,Angola,2008,Summer,Beijing,Handball,NA
Bertrand Fabien Gille,34,France,2012,Summer,London,Handball,Gold
Birgir Finnbogason,23,Iceland,1972,Summer,Munich,Handball,NA
Cui Lei,27,China,2008,Summer,Beijing,Handball,NA
Delphine Guehl,26,France,2004,Summer,Athina,Handball,NA
Hosam Abdallah,29,Egypt,1996,Summer,Atlanta,Handball,NA
Igor Vori,27,Croatia,2008,Summer,Beijing,Handball,NA
Javier Reino Garca,21,Spain,1984,Summer,Los Angeles,Handball,NA
Josephine Maria Touray,24,Denmark,2004,Summer,Athina,Handball,Gold
Karmele Makazaga Urrutia,28,Spain,1992,Summer,Barcelona,Handball,NA
Klra Bonyhdi,24,Hungary,1980,Summer,Moskva,Handball,NA
Michaela Schanze,23,Germany,1996,Summer,Atlanta,Handball,NA
Mirjana urica,23,Yugoslavia,1984,Summer,Los Angeles,Handball,Gold
Paulo Rogerio Moratore,24,Brazil,1992,Summer,Barcelona,Handball,NA
Rolando Punik,26,Yugoslavia,1988,Summer,Seoul,Handball,Bronze
Ageeth Boomgaardt,31,Netherlands,2004,Summer,Athina,Hockey,Silver
"Alfred ""Fredy"" Gerdes",19,Germany,1936,Summer,Berlin,Hockey,Silver
Amarjeet Singh Marwa,24,Kenya,1972,Summer,Munich,Hockey,NA
"Anatole ""Tola"" Vologe",27,France,1936,Summer,Berlin,Hockey,NA
Daniel Beale,23,Australia,2016,Summer,Rio de Janeiro,Hockey,NA
David Austin Savage,32,Great Britain,1972,Summer,Munich,Hockey,NA
"Eduard ""Eddie"" Tubau Cutal",27,Spain,2008,Summer,Beijing,Hockey,Silver
"Eduard Herbert ""Eddy"" Tiel",21,Netherlands,1948,Summer,London,Hockey,Bronze
Eduardo Jardn y Ron,33,Spain,1948,Summer,London,Hockey,NA
Egbert Carmo Fernandes,27,Kenya,1968,Summer,Mexico City,Hockey,NA
Ellen Marijn Hoog,22,Netherlands,2008,Summer,Beijing,Hockey,Gold
Gagan Ajit Singh,23,India,2004,Summer,Athina,Hockey,NA
Ho Koh Chye,25,Malaysia,1968,Summer,Mexico City,Hockey,NA
Hussain Fazal,29,Afghanistan,1936,Summer,Berlin,Hockey,NA
Ignacio Cobos Vidal,30,Spain,1996,Summer,Atlanta,Hockey,Silver
"Jacob Pieter ""Jaap"" Leemhuis",22,Netherlands,1964,Summer,Tokyo,Hockey,NA
"James ""Jimmy"" Wallis",30,Great Britain,2004,Summer,Athina,Hockey,NA
John Paskin Taylor,24,Great Britain,1952,Summer,Helsinki,Hockey,Bronze
Joo Bosco Quevado da Silva,27,Hong Kong,1964,Summer,Tokyo,Hockey,NA
Juan Antonio Dinars Quera,22,Spain,1992,Summer,Barcelona,Hockey,NA
Julian Brian Pearce,31,Australia,1968,Summer,Mexico City,Hockey,Silver
Juliet Haslam,23,Australia,1992,Summer,Barcelona,Hockey,NA
Karl rdgh,40,Austria,1948,Summer,London,Hockey,NA
Kate Barber,31,United States,2008,Summer,Beijing,Hockey,NA
Lauren Powley,24,United States,2008,Summer,Beijing,Hockey,NA
Miguel Rovira Caellas,25,Spain,1988,Summer,Seoul,Hockey,NA
Milena Crestina Gaiga,27,Canada,1992,Summer,Barcelona,Hockey,NA
Park Mi-Hyeon,18,South Korea,2004,Summer,Athina,Hockey,NA
Peter Anthony Miskimmin,33,New Zealand,1992,Summer,Barcelona,Hockey,NA
Rachel Anne Imison,25,Australia,2004,Summer,Athina,Hockey,NA
Rachel Jane Petrie,29,New Zealand,2000,Summer,Sydney,Hockey,NA
Renuka Yadav,22,India,2016,Summer,Rio de Janeiro,Hockey,NA
"Santiago ""Santi"" Freixa Escude",25,Spain,2008,Summer,Beijing,Hockey,Silver
Stephan Patrick Veen,21,Netherlands,1992,Summer,Barcelona,Hockey,NA
Toshio Usami,24,Japan,1932,Summer,Los Angeles,Hockey,Silver
Yvan Freedman,30,Belgium,1956,Summer,Melbourne,Hockey,NA
"Aki-Petteri Arvid ""Aki"" Berg",20,Finland,1998,Winter,Nagano,Ice Hockey,Bronze
"Arthur William ""Art"" Green",26,Great Britain,1948,Winter,Sankt Moritz,Ice Hockey,NA
Bernd Kuhn,27,West Germany,1972,Winter,Sapporo,Ice Hockey,NA
Christophe Ville,28,France,1992,Winter,Albertville,Ice Hockey,NA
Erich Khnhackl,33,West Germany,1984,Winter,Sarajevo,Ice Hockey,NA
Ilya Valeryevich Kovalchuk,22,Russia,2006,Winter,Torino,Ice Hockey,NA
Jochen Thomas Hecht,24,Germany,2002,Winter,Salt Lake City,Ice Hockey,NA
Jorma Juhani Valtonen,33,Finland,1980,Winter,Lake Placid,Ice Hockey,NA
Knut Bertil Hilding Linde,20,Sweden,1928,Winter,Sankt Moritz,Ice Hockey,Silver
Manuele Celio,21,Switzerland,1988,Winter,Calgary,Ice Hockey,NA
"Michael F. ""Mike"" Dunham",21,United States,1994,Winter,Lillehammer,Ice Hockey,NA
Mieczysaw Kasprzycki,37,Poland,1948,Winter,Sankt Moritz,Ice Hockey,NA
Oksana Vitalyevna Tretyakova,26,Russia,2006,Winter,Torino,Ice Hockey,NA
Olga Petrovna Sosina,21,Russia,2014,Winter,Sochi,Ice Hockey,NA
Roman Kontek,23,Slovakia,1994,Winter,Lillehammer,Ice Hockey,NA
Ryan Alexander Gordon Smyth,29,Canada,2006,Winter,Torino,Ice Hockey,NA
"sa Annelie Charlotte ""Lotta"" Almblad (Lindefors)",25,Sweden,1998,Winter,Nagano,Ice Hockey,NA
Shigeru Shimada,24,Japan,1960,Winter,Squaw Valley,Ice Hockey,NA
Stephan Figliuzzi,29,Italy,1998,Winter,Nagano,Ice Hockey,NA
"Thomas Edward ""Ted"" Hibberd",21,Canada,1948,Winter,Sankt Moritz,Ice Hockey,Gold
Tuula Katriina Puputti,24,Finland,2002,Winter,Salt Lake City,Ice Hockey,NA
Viona Harrer,27,Germany,2014,Winter,Sochi,Ice Hockey,NA
Yekaterina Vladimirovna Pashkevich,41,Russia,2014,Winter,Sochi,Ice Hockey,NA
Andrzej Jzef Basik,28,Poland,1988,Summer,Seoul,Judo,NA
Anelson Guerra Vieira,26,Brazil,1980,Summer,Moskva,Judo,NA
Chen Fei,21,China,2012,Summer,London,Judo,NA
Edward Connelly Mullen,23,Great Britain,1972,Summer,Munich,Judo,NA
Gantmriin Dashdavaa,23,Mongolia,2004,Summer,Athina,Judo,NA
Hiroshi Izumi,26,Japan,2008,Summer,Beijing,Judo,NA
Juha Heikki Salonen,30,Finland,1992,Summer,Barcelona,Judo,NA
Keith Laurence Morgan,30,Canada,2004,Summer,Athina,Judo,NA
Kim Jong-Dal,18,South Korea,1964,Summer,Tokyo,Judo,NA
Konstantinos Konstantinou,18,Cyprus,1980,Summer,Moskva,Judo,NA
Lhofei Shiozawa,23,Brazil,1964,Summer,Tokyo,Judo,NA
Lucija Polavder,23,Slovenia,2008,Summer,Beijing,Judo,Bronze
M'Mah Soumah,19,Guinea,2004,Summer,Athina,Judo,NA
Mara Isabel Fernndez Gutirrez,28,Spain,2000,Summer,Sydney,Judo,Gold
Mara Kovaevi,24,Serbia and Montenegro,2000,Summer,Sydney,Judo,NA
Naina Cecilia Ravaoarisoa,24,Madagascar,2000,Summer,Sydney,Judo,NA
Rishod Rashidovich Sobirov,25,Uzbekistan,2012,Summer,London,Judo,Bronze
Romy Tarangul,24,Germany,2012,Summer,London,Judo,NA
Rudymar Fleming Pernil,23,Venezuela,2004,Summer,Athina,Judo,NA
Stefan Dott,22,Germany,1992,Summer,Barcelona,Judo,NA
"Ulrich ""Ueli"" Falk",22,Switzerland,1972,Summer,Munich,Judo,NA
Agris Elerts,26,Latvia,1994,Winter,Lillehammer,Luge,NA
Angelika Neuner,28,Austria,1998,Winter,Nagano,Luge,Bronze
Carole Maxine Keyes,31,Canada,1984,Winter,Sarajevo,Luge,NA
Danylo Panchenko,28,Ukraine,2002,Winter,Salt Lake City,Luge,NA
Eugen Teodor Radu,27,Romania-2,2006,Winter,Torino,Luge,NA
Gerda Weissensteiner,23,Italy,1992,Winter,Albertville,Luge,NA
Gregory Carigiet,26,Switzerland,2014,Winter,Sochi,Luge,NA
Ionu Dorin ran,18,Romania-1,2006,Winter,Torino,Luge,NA
Markta Jeriov,29,Czech Republic,2006,Winter,Torino,Luge,NA
Simon Beck,20,Liechtenstein,1968,Winter,Grenoble,Luge,NA
Snorre Pedersen,19,Norway,1992,Winter,Albertville,Luge,NA
Yury Svetikov,24,Soviet Union,1972,Winter,Sapporo,Luge,NA
Alberto Ortz Alvrez,25,Uruguay,1948,Summer,London,Modern Pentathlon,NA
Anatoly Vasilevich Starostin,20,Soviet Union,1980,Summer,Moskva,Modern Pentathlon,Gold
Bertil Gustafsson Uggla,33,Sweden,1924,Summer,Paris,Modern Pentathlon,Bronze
Chloe Esposito,24,Australia,2016,Summer,Rio de Janeiro,Modern Pentathlon,Gold
Dmitry Valeryevich Svatkovsky,24,Russia,1996,Summer,Atlanta,Modern Pentathlon,NA
Kim Seong-Ho,23,South Korea,1988,Summer,Seoul,Modern Pentathlon,NA
Robert Gordon Barrie,20,Australia,1972,Summer,Munich,Modern Pentathlon,NA
Veli Gunnar Bogislaus von Hohenthal,31,Russia,1912,Summer,Stockholm,Modern Pentathlon,NA
Walter Esser,27,West Germany,1972,Summer,Munich,Modern Pentathlon,NA
Carl Van Loan,25,United States,2006,Winter,Torino,Nordic Combined,NA
Franz Wende,23,Czechoslovakia,1928,Winter,Sankt Moritz,Nordic Combined,NA
Jason Grgory Lamy-Chappuis,23,France,2010,Winter,Vancouver,Nordic Combined,Gold
Jens Salume,16,Estonia,1998,Winter,Nagano,Nordic Combined,NA
Lars Gsta Dahlqvist,24,Sweden,1960,Winter,Squaw Valley,Nordic Combined,NA
Tsugiharu Ogiwara,28,Japan,1998,Winter,Nagano,Nordic Combined,NA
David Dawnay,33,Great Britain,1936,Summer,Berlin,Polo,Silver
lvaro de Figueroa y Alonso-Martnez,30,Spain,1924,Summer,Paris,Polo,NA
Anastasiya Vladimirovna Ivankova,20,Belarus,2012,Summer,London,Rhythmic Gymnastics,Silver
Laetitia Mancieri,17,France,2000,Summer,Sydney,Rhythmic Gymnastics,NA
Alfred Meister,26,Switzerland,1968,Summer,Mexico City,Rowing,NA
Anioara Sorohan-Minea,21,Romania,1984,Summer,Los Angeles,Rowing,Gold
Anna Elbieta Brandysiewicz (Rekosz),21,Poland,1976,Summer,Montreal,Rowing,NA
Arne Serck-Hanssen,23,Norway,1948,Summer,London,Rowing,NA
Bernhard Rhling,31,Germany,2000,Summer,Sydney,Rowing,NA
Bohumil Janouek,27,Czechoslovakia,1964,Summer,Tokyo,Rowing,Bronze
Camille Becanne,22,France,1936,Summer,Berlin,Rowing,NA
"Catherine Rose ""Katie"" Greves (Solesbury)",33,Great Britain,2016,Summer,Rio de Janeiro,Rowing,Silver
Denis Germain Fritz Guye,26,Great Britain,1928,Summer,Amsterdam,Rowing,NA
Dhison Alexander Hernndez Echezuria,23,Venezuela,2008,Summer,Beijing,Rowing,NA
Elisabeta Oleniuc-Lip,27,Romania,1992,Summer,Barcelona,Rowing,Silver
"Elizabeth Ann ""Betsy"" Beard (Stillings)",27,United States,1988,Summer,Seoul,Rowing,NA
Emma Robinson,28,Canada,2000,Summer,Sydney,Rowing,NA
Georgi Petkov,24,Bulgaria,1980,Summer,Moskva,Rowing,NA
"Gianantonio ""Antonio"" Saverio",20,Italy,1952,Summer,Helsinki,Rowing,NA
Giovanni Marco Suarez,25,Italy,1988,Summer,Seoul,Rowing,NA
Grzegorz Jzef Stellak,21,Poland,1972,Summer,Munich,Rowing,NA
Hana Dariusov (Parker),23,Czech Republic,1996,Summer,Atlanta,Rowing,NA
Henri-Pierre Dall'acqua,23,France,1996,Summer,Atlanta,Rowing,NA
"Janusz Stanisaw ""Jan"" Mikoajczak (Krenz-)",25,Poland,1932,Summer,Los Angeles,Rowing,Bronze
Jean-Baptiste Mathieu,25,Socit Nautique de Bayonne-1,1906,Summer,Athina,Rowing,Bronze
John Dickinson McKinlay,24,United States,1956,Summer,Melbourne,Rowing,Silver
John Van Blom,28,United States,1976,Summer,Montreal,Rowing,NA
Judit Kri-Novk,26,Hungary,1976,Summer,Montreal,Rowing,NA
Lene Skov Andersson,28,Denmark,1996,Summer,Atlanta,Rowing,NA
Louis Stanislas Thomaturg,33,Socit Nautique de Bayonne,1912,Summer,Stockholm,Rowing,NA
Marc Weber,24,Germany,1996,Summer,Atlanta,Rowing,Silver
Matteo Lodo,21,Italy,2016,Summer,Rio de Janeiro,Rowing,Bronze
Matthew Clive Pinsent,33,Great Britain,2004,Summer,Athina,Rowing,Gold
Morgan Jarvis,28,Canada,2012,Summer,London,Rowing,NA
Nikola Sladunov Zlatanov,27,Bulgaria,1988,Summer,Seoul,Rowing,NA
Olena Ivanivna Ronzhyna-Morozova,25,Ukraine,1996,Summer,Atlanta,Rowing,Silver
Philipp Ster,27,Germany,2004,Summer,Athina,Rowing,NA
Raimund Hrmann,27,West Germany,1984,Summer,Los Angeles,Rowing,Gold
Ren Kieft,25,Netherlands,1972,Summer,Munich,Rowing,NA
Rolf Streuli,29,Switzerland,1960,Summer,Roma,Rowing,NA
Roman Vitalyevich Monchenko,31,Russia,1996,Summer,Atlanta,Rowing,Bronze
Soraya Iffat Jadu Arriaza,33,Chile,2008,Summer,Beijing,Rowing,NA
"Thomas Alan ""Tom"" Herschmiller",22,Canada,2000,Summer,Sydney,Rowing,NA
Tomasz Bogusaw Kucharski,30,Poland,2004,Summer,Athina,Rowing,Gold
Vasilios Polymeros,24,Greece,2000,Summer,Sydney,Rowing,NA
Veselin Shterev,22,Bulgaria,1980,Summer,Moskva,Rowing,NA
Vladek Lacina,31,Czechoslovakia,1980,Summer,Moskva,Rowing,NA
Wolfgang Maennig,24,West Germany,1984,Summer,Los Angeles,Rowing,NA
Yelena Usarova,22,Uzbekistan,2004,Summer,Athina,Rowing,NA
Yuliya Valentinovna Bichik,17,Belarus,2000,Summer,Sydney,Rowing,NA
"Alexandra Maria ""Alex"" Maloney",24,New Zealand,2016,Summer,Rio de Janeiro,Sailing,Silver
Antonis Tsotras,22,Greece,2012,Summer,London,Sailing,NA
Bruce Robert William Kirby,39,Canada,1968,Summer,Mexico City,Sailing,NA
"Chi Loong ""Ben"" Tan",28,Singapore,1996,Summer,Atlanta,Sailing,NA
Christoph Bergmann,25,Brazil,1988,Summer,Seoul,Sailing,NA
Elad Ronen,24,Israel,2000,Summer,Sydney,Sailing,NA
Eliseu Ganda,23,Angola,1992,Summer,Barcelona,Sailing,NA
"Giovanni ""Gianni"" Torboli",46,Italy,1996,Summer,Atlanta,Sailing,NA
"Hendrik Jan ""Hans"" Pluijgers",41,Kemphaan,1928,Summer,Amsterdam,Sailing,NA
Juhani Richard Salovaara,32,Chaje II,1964,Summer,Tokyo,Sailing,NA
Karl-Heinz Thun,35,East Germany,1972,Summer,Munich,Sailing,Silver
Karsten Konrad Wilhelm Boysen Halblaub,30,Venezuela,1968,Summer,Mexico City,Sailing,NA
Leif Erichsen,31,Marmi II-1,1920,Summer,Antwerpen,Sailing,Silver
Lisa Laetitia Westerhof,22,Netherlands,2004,Summer,Athina,Sailing,NA
Lrke Buhl-Hansen,24,Denmark,2016,Summer,Rio de Janeiro,Sailing,NA
Maciej Tadeusz Grabowski,22,Poland,2000,Summer,Sydney,Sailing,NA
Matias Montinho,26,Angola,2016,Summer,Rio de Janeiro,Sailing,NA
Michael Hansen,26,Denmark,2016,Summer,Rio de Janeiro,Sailing,NA
Nicols Parodi,22,Uruguay,1992,Summer,Barcelona,Sailing,NA
Pedro Jacobo Dates,21,Cupidon III,1928,Summer,Amsterdam,Sailing,NA
Randall Scott Steele,26,United States,1984,Summer,Los Angeles,Sailing,Silver
Sara Lopez Mota Carmo,25,Portugal,2012,Summer,London,Sailing,NA
Silvio Jos Merlo de Marzi,27,Antares,1948,Summer,London,Sailing,NA
Stanisaw Euzebiusz Zalewski,28,Danuta,1936,Summer,Berlin,Sailing,NA
Sven Gustaf Saln,45,May Be,1936,Summer,Berlin,Sailing,Bronze
Sven Gustaf Thorell,44,Sweden,1932,Summer,Los Angeles,Sailing,NA
Toni Bulaja,26,Croatia,2000,Summer,Sydney,Sailing,NA
Udi Gal,25,Israel,2004,Summer,Athina,Sailing,NA
Victor Auguste Godinet,47,Favorite-17,1900,Summer,Paris,Sailing,NA
Yevgeny Yevgenyevich Burmatnov,30,Russia,1996,Summer,Atlanta,Sailing,NA
Adolf Michel,34,Austria,1912,Summer,Stockholm,Shooting,NA
"Alfred Page ""Al"" Lane",20,United States,1912,Summer,Stockholm,Shooting,NA
Amaury Ambrosio da Costa e Rocha,37,Brazil,1960,Summer,Roma,Shooting,NA
Andr Porthault,34,France,1976,Summer,Montreal,Shooting,NA
Arne Nielsen,28,Denmark,1924,Summer,Paris,Shooting,NA
Claudia Verdicchio-Krause,29,Germany,2004,Summer,Athina,Shooting,NA
Danilo Caro Guarnieri,30,Colombia,1996,Summer,Atlanta,Shooting,NA
David Lee,36,Canada,1984,Summer,Los Angeles,Shooting,NA
Devi Singh,32,India,1964,Summer,Tokyo,Shooting,NA
Domingo Rodrguez Somoza,34,Spain,1920,Summer,Antwerpen,Shooting,NA
Emiliyan Vergov,33,Bulgaria,1976,Summer,Montreal,Shooting,NA
Emiliyan Yankov,23,Bulgaria,1980,Summer,Moskva,Shooting,NA
Erik Gustaf Blomqvist,41,Sweden,1920,Summer,Antwerpen,Shooting,NA
Ernst Emil Pedersen,40,Denmark,1976,Summer,Montreal,Shooting,NA
Eugne Auguste Antoine Duflot,38,France,1924,Summer,Paris,Shooting,NA
"Francis ""Frans"" Pace",34,Malta,1996,Summer,Atlanta,Shooting,NA
Francis William Kemp,20,Great Britain,1912,Summer,Stockholm,Shooting,NA
Gagan Narang,25,India,2008,Summer,Beijing,Shooting,NA
Gholam Hossein Mobaser,35,Iran,1964,Summer,Tokyo,Shooting,NA
Gilbert Kaiser,39,Liechtenstein,1988,Summer,Seoul,Shooting,NA
Giorgos Akhilleos,23,Cyprus,2004,Summer,Athina,Shooting,NA
Glenn Kable,45,Fiji,2008,Summer,Beijing,Shooting,NA
Guy Lorion Jr.,35,Canada,1988,Summer,Seoul,Shooting,NA
Hannan Crystal,22,Israel,1960,Summer,Roma,Shooting,NA
Hans Schnenberger,33,Switzerland,1960,Summer,Roma,Shooting,NA
Jozef Gnci,22,Slovakia,1996,Summer,Atlanta,Shooting,NA
Juraj Tuinsk,27,Slovakia,2012,Summer,London,Shooting,NA
Jzsef Sike,24,Hungary,1992,Summer,Barcelona,Shooting,NA
Kevin John Gill,34,Great Britain,1996,Summer,Atlanta,Shooting,NA
Klaus Henrik Lahti,39,Finland,1948,Summer,London,Shooting,NA
Lon douard Johnson,44,France,1920,Summer,Antwerpen,Shooting,NA
Lon Ernest Moreaux,54,France,1906,Summer,Athina,Shooting,Gold
Louis Vignaud,39,France,1968,Summer,Mexico City,Shooting,NA
Luis Garrido,36,Puerto Rico,1988,Summer,Seoul,Shooting,NA
Mangala Samarakoon,35,Sri Lanka,2016,Summer,Rio de Janeiro,Shooting,NA
Mehmet Dursun,44,Turkey,1972,Summer,Munich,Shooting,NA
Nguyn c Unh,25,Vietnam,1980,Summer,Moskva,Shooting,NA
Oliver Geissmann,29,Liechtenstein,2008,Summer,Beijing,Shooting,NA
Osvaldo Farrs,16,Paraguay,1984,Summer,Los Angeles,Shooting,NA
Pan Kou-Ang,24,Chinese Taipei,1964,Summer,Tokyo,Shooting,NA
Patricia Dench,52,Australia,1984,Summer,Los Angeles,Shooting,Bronze
Petr Kovk,27,Czechoslovakia,1972,Summer,Munich,Shooting,NA
Pia Carina Hansen (Larsson-),34,Sweden,2000,Summer,Sydney,Shooting,Gold
Rajmund Leszek Stachurski,33,Poland,1968,Summer,Mexico City,Shooting,NA
Ryohei Koba,29,Japan,1992,Summer,Barcelona,Shooting,NA
Sofia Miaouli,30,Cyprus,2000,Summer,Sydney,Shooting,NA
Sutiya Jiewchaloemmit,30,Thailand,2016,Summer,Rio de Janeiro,Shooting,NA
Sylvia Mary Muehlberg (Bentley-),36,Australia,1984,Summer,Los Angeles,Shooting,NA
Tieleman Cornelis Vuurman,37,Netherlands,1936,Summer,Berlin,Shooting,NA
Valerio Donnianni,28,Italy,1988,Summer,Seoul,Shooting,NA
"Virginia ""Ginny"" Thrasher",19,United States,2016,Summer,Rio de Janeiro,Shooting,NA
Walter Hamilton Ewing,30,Canada,1908,Summer,London,Shooting,Gold
Wang Nan,30,China,2008,Summer,Beijing,Shooting,NA
Willis Augustus Lee Jr.,31,United States,1920,Summer,Antwerpen,Shooting,NA
Wolfram Waibel Jr.,26,Austria,1996,Summer,Atlanta,Shooting,Bronze
"Andrew Alexander ""Andy"" Gabel",33,United States,1998,Winter,Nagano,Short Track Speed Skating,NA
Sebastian Praus,25,Germany,2006,Winter,Torino,Short Track Speed Skating,NA
Shaolin Sndor Liu,18,Hungary,2014,Winter,Sochi,Short Track Speed Skating,NA
Yui Sakai,22,Japan,2010,Winter,Vancouver,Short Track Speed Skating,NA
Tomass Dukurs,20,Latvia,2002,Winter,Salt Lake City,Skeleton,NA
Anders Johnson,24,United States,2014,Winter,Sochi,Ski Jumping,NA
Andreas Kttel,30,Switzerland,2010,Winter,Vancouver,Ski Jumping,NA
Aulis Arnold Kallakorpi (Nuutinen),27,Finland,1956,Winter,Cortina d'Ampezzo,Ski Jumping,Silver
Claude Trahan,28,Canada,1968,Winter,Grenoble,Ski Jumping,NA
Espen Odd Bredesen,30,Norway,1998,Winter,Nagano,Ski Jumping,NA
Kalle Niilo Ponteva Halonen,19,Finland,1960,Winter,Squaw Valley,Ski Jumping,Silver
Kim Hyeon-Gi,14,South Korea,1998,Winter,Nagano,Ski Jumping,NA
Sylvain Freiholz,17,Switzerland,1992,Winter,Albertville,Ski Jumping,NA
Heidi Maria Renoth (Kraja),19,Germany,1998,Winter,Nagano,Snowboarding,Silver
Izidor uteri,36,Slovenia,2014,Winter,Sochi,Snowboarding,NA
Jagna Marczuajtis (Kolasiska),27,Poland,2006,Winter,Torino,Snowboarding,NA
Simone Malus,36,Italy,2010,Winter,Vancouver,Snowboarding,NA
Jennie Lynn Finch (Daigle),23,United States,2004,Summer,Athina,Softball,Gold
Kyoko Kobayashi,24,Japan,1996,Summer,Atlanta,Softball,NA
Wei Qiang,24,China,1996,Summer,Atlanta,Softball,Silver
Aki Tonoike,22,Japan,2002,Winter,Salt Lake City,Speed Skating,NA
Aleksandr Vladimirovich Kibalko,24,Russia,1998,Winter,Nagano,Speed Skating,NA
Anastasia Winchester Bucsis,20,Canada,2010,Winter,Vancouver,Speed Skating,NA
Ann-Sofie Maria Jrnstrm,22,Sweden,1972,Winter,Sapporo,Speed Skating,NA
Choi InChol,18,North Korea,1992,Winter,Albertville,Speed Skating,NA
Christa Rothenburger-Luding,28,East Germany,1988,Winter,Calgary,Speed Skating,Silver
"Daniel Joseph ""Dan"" Carroll",26,United States,1976,Winter,Innsbruck,Speed Skating,NA
Elena Belci-Dal Farra,27,Italy,1992,Winter,Albertville,Speed Skating,NA
Jorien Johanna Maria Voorhuis,25,Netherlands,2010,Winter,Vancouver,Speed Skating,NA
Jouko Valdemar Vesterlund,24,Finland,1984,Winter,Sarajevo,Speed Skating,NA
Karl ke Seyffarth,28,Sweden,1948,Winter,Sankt Moritz,Speed Skating,Silver
"Lauri Rikhard ""Lassi"" Parkkinen",30,Finland,1948,Winter,Sankt Moritz,Speed Skating,NA
Lee Yeong-Ha,27,South Korea,1984,Winter,Sarajevo,Speed Skating,NA
Lesia Bilozub,26,Ukraine,1998,Winter,Nagano,Speed Skating,NA
Michael Staksrud,27,Norway,1936,Winter,Garmisch-Partenkirchen,Speed Skating,NA
Robert Lehmann,26,Germany,2010,Winter,Vancouver,Speed Skating,NA
Roman Sergeyevich Krech,24,Kazakhstan,2014,Winter,Sochi,Speed Skating,NA
Sergey Anatolyevich Khlebnikov,24,Soviet Union,1980,Winter,Lake Placid,Speed Skating,NA
Tomomi Okazaki (Yasutake),34,Japan,2006,Winter,Torino,Speed Skating,NA
Valentina Nikolayevna Lalenkova (Golovenkina),26,Soviet Union,1984,Winter,Sarajevo,Speed Skating,NA
Vladimr Kol,28,Czechoslovakia,1956,Winter,Cortina d'Ampezzo,Speed Skating,NA
"William Joseph N. ""Joey"" Cheek",22,United States,2002,Winter,Salt Lake City,Speed Skating,NA
Yoshiko Takano,18,Japan,1960,Winter,Squaw Valley,Speed Skating,NA
Zhang Li,17,China,1980,Winter,Lake Placid,Speed Skating,NA
Adrian D. Romero,19,Guam,1992,Summer,Barcelona,Swimming,NA
Ahmed Imthiyaz,28,Maldives,1992,Summer,Barcelona,Swimming,NA
Alberto Isaac Ahumada,25,Mexico,1948,Summer,London,Swimming,NA
Aleksandr Agafonov,21,Uzbekistan,1996,Summer,Atlanta,Swimming,NA
Alexandra Nathalie Wenk,17,Germany,2012,Summer,London,Swimming,NA
Alexianne Castel,22,France,2012,Summer,London,Swimming,NA
Amanda Jo Weir (Davis),26,United States,2012,Summer,London,Swimming,Bronze
Amber Gerganiya Beckitt (Shelley),19,Australia,1960,Summer,Roma,Swimming,NA
Andrey Kvasov,20,Kyrgyzstan,1996,Summer,Atlanta,Swimming,NA
Anna Nyri,15,Hungary,1996,Summer,Atlanta,Swimming,NA
Anna Uryniuk,18,Poland,1992,Summer,Barcelona,Swimming,NA
Anthony Lee Ervin,19,United States,2000,Summer,Sydney,Swimming,Silver
Antoni Tokaczewski,18,Poland,1952,Summer,Helsinki,Swimming,NA
Atsushi Tani,23,Japan,1956,Summer,Melbourne,Swimming,NA
Bruce Bourke,19,Australia,1948,Summer,London,Swimming,NA
Carolyn Jane Schuler,17,United States,1960,Summer,Roma,Swimming,Gold
"Catharina Johanna ""Toos"" Beumer (Krediet)",17,Netherlands,1964,Summer,Tokyo,Swimming,Bronze
Cecelia Wolstenholme (Thornton),17,Great Britain,1932,Summer,Los Angeles,Swimming,NA
Charles Wilfred Edwards,18,Great Britain,1908,Summer,London,Swimming,NA
Christian Scherbl,18,Austria,2012,Summer,London,Swimming,NA
Christophe Kalfayan,23,France,1992,Summer,Barcelona,Swimming,NA
Ciril Pelhan,26,Yugoslavia,1948,Summer,London,Swimming,NA
Claudia Mara Poll Ahrens,31,Costa Rica,2004,Summer,Athina,Swimming,NA
Colette Libourel (Conan),19,France,1960,Summer,Roma,Swimming,NA
Courtney Amanda Shealy (Hart),22,United States,2000,Summer,Sydney,Swimming,NA
Csaba Csatls,18,Hungary,1968,Summer,Mexico City,Swimming,NA
Daniel Lee,18,Sri Lanka,2008,Summer,Beijing,Swimming,NA
Daniel Smith,25,Australia,2016,Summer,Rio de Janeiro,Swimming,NA
Daniela Serpilli,16,Italy,1960,Summer,Roma,Swimming,NA
Danyon Joseph Loader,17,New Zealand,1992,Summer,Barcelona,Swimming,NA
David Ashley Fox,25,United States,1996,Summer,Atlanta,Swimming,Gold
David Pereyra,20,Bolivia,1996,Summer,Atlanta,Swimming,NA
Dawn Lorraine Fraser,27,Australia,1964,Summer,Tokyo,Swimming,NA
Drago Cristian Coman,19,Romania,2000,Summer,Sydney,Swimming,NA
Elsie Uwamahoro,23,Burundi,2012,Summer,London,Swimming,NA
Emiliano Brembilla,21,Italy,2000,Summer,Sydney,Swimming,NA
Emma Kathryne Robinson,25,Ireland,2004,Summer,Athina,Swimming,NA
Fabrizio Rampazzo,21,Italy,1984,Summer,Los Angeles,Swimming,NA
Florencia Szigeti,23,Argentina,2004,Summer,Athina,Swimming,NA
Gilbert Fernand Charles Bozon,21,France,1956,Summer,Melbourne,Swimming,NA
Glenn Andrew Mark Snyders,25,New Zealand,2012,Summer,London,Swimming,NA
Gordon Maxwell Kerr,18,Canada,1936,Summer,Berlin,Swimming,NA
Gudrun Wegner (Wnsche),17,East Germany,1972,Summer,Munich,Swimming,Bronze
Gumundur rmann Inglfsson,19,Iceland,1948,Summer,London,Swimming,NA
Hansje Bunschoten,14,Netherlands,1972,Summer,Munich,Swimming,NA
Helena Strakov,17,Czechoslovakia,1992,Summer,Barcelona,Swimming,NA
Hermann Lotter,24,Germany,1964,Summer,Tokyo,Swimming,NA
Hsu Yue-Yun,14,Chinese Taipei,1972,Summer,Munich,Swimming,NA
Indrek Sei,19,Estonia,1992,Summer,Barcelona,Swimming,NA
Irina Gerasimova,16,Soviet Union,1980,Summer,Moskva,Swimming,NA
Joanne Cara Deakins,19,Great Britain,1992,Summer,Barcelona,Swimming,NA
"John Alexander ""Sandy"" Gilchrist",18,Canada,1964,Summer,Tokyo,Swimming,NA
John Philip Thurley,16,Great Britain,1964,Summer,Tokyo,Swimming,NA
Joseph Eric Buhain,22,Philippines,1992,Summer,Barcelona,Swimming,NA
Josephine Eveline McKim (Chalmers),18,United States,1928,Summer,Amsterdam,Swimming,Gold
Juan Fortuny Vidal,22,Spain,1968,Summer,Mexico City,Swimming,NA
Juan Jos Madrigal Pacheco,22,Costa Rica,1996,Summer,Atlanta,Swimming,NA
Julian Bolling,18,Sri Lanka,1984,Summer,Los Angeles,Swimming,NA
Jzsef Szab,19,Hungary,1988,Summer,Seoul,Swimming,NA
Kaio Mrcio Ferreira Costa de Almeida,19,Brazil,2004,Summer,Athina,Swimming,NA
Katsuo Takaishi,21,Japan,1928,Summer,Amsterdam,Swimming,Bronze
Kenji Ishikawa,18,Japan,1964,Summer,Tokyo,Swimming,NA
Kirsten Strange-Campbell,24,Denmark,1968,Summer,Mexico City,Swimming,NA
Lennart Bastiaan Stekelenburg,25,Netherlands,2012,Summer,London,Swimming,NA
Leonard Ngoma,21,Zambia,2000,Summer,Sydney,Swimming,NA
Linda June MacKenzie (Single),24,Australia,2008,Summer,Beijing,Swimming,NA
Lisa Gaye Curry-Kenny,18,Australia,1980,Summer,Moskva,Swimming,NA
Masami Tanaka,21,Japan,2000,Summer,Sydney,Swimming,Bronze
Massimiliano Edgar Rosolino,22,Italy,2000,Summer,Sydney,Swimming,Bronze
Mattia Nalesso,27,Italy,2008,Summer,Beijing,Swimming,NA
Naomi Ruele,19,Botswana,2016,Summer,Rio de Janeiro,Swimming,NA
Nataa Mekovska,20,Individual Olympic Athletes,1992,Summer,Barcelona,Swimming,NA
Neil John Harper,23,Great Britain,1988,Summer,Seoul,Swimming,NA
"Nicholas Stephen ""Nick"" Hodgson",23,Great Britain,1988,Summer,Seoul,Swimming,NA
Nicole Melanie Zahnd (Platel),23,Switzerland,2004,Summer,Athina,Swimming,NA
Pang Jiaying,23,China,2008,Summer,Beijing,Swimming,Bronze
Paolo Bossini,23,Italy,2008,Summer,Beijing,Swimming,NA
Petr Adamec,20,Czechoslovakia,1980,Summer,Moskva,Swimming,NA
Pter Horvth,21,Hungary,1996,Summer,Atlanta,Swimming,NA
Qian Hong,21,China,1992,Summer,Barcelona,Swimming,NA
Ren cuyer,23,France,1980,Summer,Moskva,Swimming,NA
Robert David Garrick Agnew,17,Australia,1948,Summer,London,Swimming,NA
"Robert John ""Bob"" Wheaton",18,Canada,1960,Summer,Roma,Swimming,NA
"Robert Scott ""Bob"" Jackson",19,United States,1976,Summer,Montreal,Swimming,NA
"Robert Steven ""Steve"" Genter",21,United States,1972,Summer,Munich,Swimming,Silver
Rodrigo Gonzlez Sesma,20,Mexico,1988,Summer,Seoul,Swimming,NA
"Ronald John ""Ron"" McKeon",19,Australia,1980,Summer,Moskva,Swimming,NA
Ryk Neethling,22,South Africa,2000,Summer,Sydney,Swimming,NA
Sadako Yamashita,19,Japan,1952,Summer,Helsinki,Swimming,NA
Sarah Frederica Sjstrm,22,Sweden,2016,Summer,Rio de Janeiro,Swimming,Silver
Satoru Nakano,17,Japan,1964,Summer,Tokyo,Swimming,NA
Sergey Viktorovich Koplyakov,21,Soviet Union,1980,Summer,Moskva,Swimming,Gold
Sergio Lpez Mir,20,Spain,1988,Summer,Seoul,Swimming,Bronze
Sndor Nagy,19,Hungary,1980,Summer,Moskva,Swimming,NA
Stphan Malcolm Caron,22,France,1988,Summer,Seoul,Swimming,NA
"Susannah Claire ""Suki"" Brownsdon",18,Great Britain,1984,Summer,Los Angeles,Swimming,NA
Tamara Oynick,15,Mexico,1968,Summer,Mexico City,Swimming,NA
Tammie Jean Kaae (Filiault),16,Guam,1992,Summer,Barcelona,Swimming,NA
"Thomas ""Tom"" Stachewicz",26,Australia,1992,Summer,Barcelona,Swimming,NA
"Thomas Michael ""Tom"" Jager",23,United States,1988,Summer,Seoul,Swimming,Silver
va Miklsfalvy,20,Hungary,1980,Summer,Moskva,Swimming,NA
Walter Peter Handschuhmacher,24,Germany,1928,Summer,Amsterdam,Swimming,NA
"William Tripp ""Bill"" Woolsey",17,United States,1952,Summer,Helsinki,Swimming,NA
Yegor Andreyevich Degtyaryov,20,Russia,2012,Summer,London,Swimming,NA
Yelena Yuryevna Volkova,24,Unified Team,1992,Summer,Barcelona,Swimming,NA
Zilpha Grant (Wheelton),17,Great Britain,1936,Summer,Berlin,Swimming,NA
Alice Dominici,25,Italy,2000,Summer,Sydney,Synchronized Swimming,NA
Hou Yingli,22,China,2000,Summer,Sydney,Synchronized Swimming,NA
Huang Xuechen,22,China,2012,Summer,London,Synchronized Swimming,Bronze
Semon Elke Rohloff (Spence),22,Australia,1992,Summer,Barcelona,Synchronized Swimming,NA
Csilla Btorfi,31,Hungary,2000,Summer,Sydney,Table Tennis,NA
Gustavo Tsuboi,31,Brazil,2016,Summer,Rio de Janeiro,Table Tennis,NA
Heba Allejji,19,Syria,2016,Summer,Rio de Janeiro,Table Tennis,NA
Jeoung Young-Sik,24,South Korea,2016,Summer,Rio de Janeiro,Table Tennis,NA
Li Jia Wei,19,Singapore,2000,Summer,Sydney,Table Tennis,NA
Oksana Vladimirovna Kushch-Fadeyeva,25,Russia,2000,Summer,Sydney,Table Tennis,NA
Suraju Saka,40,Congo (Brazzaville),2016,Summer,Rio de Janeiro,Table Tennis,NA
Tu Jong-Sil,17,North Korea,1996,Summer,Atlanta,Table Tennis,NA
"Zhen ""Eugene"" Wang",26,Canada,2012,Summer,London,Table Tennis,NA
Jon Garca Aguado,30,Spain,2008,Summer,Beijing,Taekwondo,NA
Kristopher Moitland Cabezas,20,Costa Rica,2004,Summer,Athina,Taekwondo,NA
Thomas Anders Marcus Thorn (Murray),29,Sweden,2000,Summer,Sydney,Taekwondo,NA
Yevgeniya Karimova,19,Uzbekistan,2008,Summer,Beijing,Taekwondo,NA
Carl Gunnar Emanuel Setterwall,30,Sweden,1912,Summer,Stockholm,Tennis,NA
"Ctislav ""Slava"" Dosedl",30,Czech Republic,2000,Summer,Sydney,Tennis,NA
Ctlina Cristea,21,Romania,1996,Summer,Atlanta,Tennis,NA
Gilles Simon,23,France-1,2008,Summer,Beijing,Tennis,NA
Horst Skoff,23,Austria,1992,Summer,Barcelona,Tennis,NA
Hugh McKittrick Jones,23,United States,1904,Summer,St. Louis,Tennis,NA
"James ""Jim"" Giraud",23,France,1906,Summer,Athina,Tennis,NA
Lindsay Ann Davenport,20,United States,1996,Summer,Atlanta,Tennis,Gold
Manuela Georgieva Maleeva-Fragnire,21,Bulgaria,1988,Summer,Seoul,Tennis,Bronze
Rogrio Dutra Silva,32,Brazil,2016,Summer,Rio de Janeiro,Tennis,NA
Vctor Caballero,28,Paraguay,1988,Summer,Seoul,Tennis,NA
Wynne Prakusya,23,Indonesia,2004,Summer,Athina,Tennis,NA
Ben Wilden,23,Australia,2008,Summer,Beijing,Trampolining,NA
Ji Glenn Wallace,23,Australia,2000,Summer,Sydney,Trampolining,Silver
Annamaria Mazzetti,23,Italy,2012,Summer,London,Triathlon,NA
Irving Adrin Prez Pineda,30,Mexico,2016,Summer,Rio de Janeiro,Triathlon,NA
Rina Hill (Bradshaw),35,Australia,2004,Summer,Athina,Triathlon,NA
Volodymyr Volodymyrovych Polikarpenko,32,Ukraine,2004,Summer,Athina,Triathlon,NA
Abderrazak Ben Massaoud,26,Tunisia,1988,Summer,Seoul,Volleyball,NA
Alberto Cisolla,26,Italy,2004,Summer,Athina,Volleyball,Silver
Aleksandr Anatolyevich Butko,26,Russia,2012,Summer,London,Volleyball,Gold
Aleksandr Sergeyevich Sokolov,30,Russia,2012,Summer,London,Volleyball,Gold
Christopher Robert Frehlick,30,Canada,1992,Summer,Barcelona,Volleyball,NA
Fabian Drzyzga,26,Poland,2016,Summer,Rio de Janeiro,Volleyball,NA
"Jacob Alapaki ""Jake"" Highland",32,United States,1964,Summer,Tokyo,Volleyball,NA
Jelena Nikoli,26,Serbia,2008,Summer,Beijing,Volleyball,NA
Jiang Fudong,25,China,2008,Summer,Beijing,Volleyball,NA
Jos Maria Schwartz da Costa,23,Brazil,1964,Summer,Tokyo,Volleyball,NA
Juan Carlos Cuminetti,21,Argentina,1988,Summer,Seoul,Volleyball,Bronze
Lai Yawen,25,China,1996,Summer,Atlanta,Volleyball,Silver
Tatyana Sergeyevna Kosheleva,27,Russia,2016,Summer,Rio de Janeiro,Volleyball,NA
Toyoko Iwahara,23,Japan,1968,Summer,Mexico City,Volleyball,Silver
Yuzuru Inoue,25,Japan,1988,Summer,Seoul,Volleyball,NA
Alberto Marco Giovanni Ghibellini,23,Italy,1996,Summer,Atlanta,Water Polo,Bronze
Aleksey Ivanovich Panfili,38,Kazakhstan,2012,Summer,London,Water Polo,NA
Andr Ren Robert Laurent,21,Belgium,1952,Summer,Helsinki,Water Polo,NA
Frano Vian,36,Croatia,2012,Summer,London,Water Polo,Gold
Hazel Emma Musgrove,23,Great Britain,2012,Summer,London,Water Polo,NA
Heinz Mder,27,Germany,1964,Summer,Tokyo,Water Polo,NA
Lszl Jeney,37,Hungary,1960,Summer,Roma,Water Polo,Bronze
Luka Buki,22,Croatia,2016,Summer,Rio de Janeiro,Water Polo,Silver
"Madeline ""Maddie"" Musselman",18,United States,2016,Summer,Rio de Janeiro,Water Polo,Gold
Mximo Couto,28,Portugal,1952,Summer,Helsinki,Water Polo,NA
ore Perii,31,Yugoslavia,1972,Summer,Munich,Water Polo,NA
Peter Guy Montgomery,22,Australia,1972,Summer,Munich,Water Polo,NA
Pontus Hanson,35,Sweden,1920,Summer,Antwerpen,Water Polo,Bronze
Pter Biros,28,Hungary,2004,Summer,Athina,Water Polo,Gold
Salah El-Din Mohammed El-Sahrawi,26,Egypt,1952,Summer,Helsinki,Water Polo,NA
Samir Bara,26,Croatia,2000,Summer,Sydney,Water Polo,NA
Simon Carl Asher,21,Australia,1988,Summer,Seoul,Water Polo,NA
Solon dos Santos,23,Brazil,1984,Summer,Los Angeles,Water Polo,NA
Vladimir Nikolayevich Karabutov,25,Unified Team,1992,Summer,Barcelona,Water Polo,Bronze
Yelena Yuryevna Smurova,26,Russia,2000,Summer,Sydney,Water Polo,Bronze
Yvette Higgins,22,Australia,2000,Summer,Sydney,Water Polo,Gold
Alesana Sione,34,American Samoa,2000,Summer,Sydney,Weightlifting,NA
Alexi Batista,24,Panama,2000,Summer,Sydney,Weightlifting,NA
Arkady Nikitich Vorobyov,35,Soviet Union,1960,Summer,Roma,Weightlifting,Gold
Gennady Timofeyevich Chetin,25,Soviet Union,1968,Summer,Mexico City,Weightlifting,NA
Geralee Vega Morales,22,Puerto Rico,2008,Summer,Beijing,Weightlifting,NA
Gurunathan Muthuswamy,25,India,1988,Summer,Seoul,Weightlifting,NA
Henri Mersch,30,Luxembourg,1960,Summer,Roma,Weightlifting,NA
Hiroaki Takao,24,Japan,2016,Summer,Rio de Janeiro,Weightlifting,NA
Hiroshi Yamazaki,23,Japan,1960,Summer,Roma,Weightlifting,NA
James Kingsley Johnson van Rensburg,28,South Africa,1952,Summer,Helsinki,Weightlifting,NA
"Kenneth ""Ken"" Clark",28,United States,1984,Summer,Los Angeles,Weightlifting,NA
Le Maosheng,26,China,2004,Summer,Athina,Weightlifting,Silver
Lely Berlitt Burgos Ortz,31,Puerto Rico,2016,Summer,Rio de Janeiro,Weightlifting,NA
Leonid Ivanovych Zhabotynskiy,30,Soviet Union,1968,Summer,Mexico City,Weightlifting,Gold
Lin Weining,21,China,2000,Summer,Sydney,Weightlifting,Gold
Mahmoud Rashid,21,Iraq,1964,Summer,Tokyo,Weightlifting,NA
Marcel Paterni,23,France,1960,Summer,Roma,Weightlifting,NA
Mariusz Jdra,27,Poland,2000,Summer,Sydney,Weightlifting,NA
Olivia Eileen Baker,21,New Zealand,2000,Summer,Sydney,Weightlifting,NA
Ri Song-Hui,21,North Korea,2000,Summer,Sydney,Weightlifting,Silver
Rogelio Weatherbee,25,Mexico,1980,Summer,Moskva,Weightlifting,NA
scar Albeyro Figueroa Mosquera,29,Colombia,2012,Summer,London,Weightlifting,Silver
Sohrab Moradi,23,Iran,2012,Summer,London,Weightlifting,NA
Vitaly Vyacheslavovich Derbenyov,32,Belarus,2008,Summer,Beijing,Weightlifting,NA
Vtzslav Orszgh,24,Czechoslovakia,1968,Summer,Mexico City,Weightlifting,NA
Yu In-Ho,27,South Korea,1956,Summer,Melbourne,Weightlifting,NA
Zhou Peishun,22,China,1984,Summer,Los Angeles,Weightlifting,Silver
Alfredo Lpez Ruiz,24,Mexico,1972,Summer,Munich,Wrestling,NA
Andrey Pavlovich Chekhovskoy,25,Belarus,2004,Summer,Athina,Wrestling,NA
Antonino Caltabiano,29,Italy,1984,Summer,Los Angeles,Wrestling,NA
Arsen Kadyrbayevich Eraliyev,26,Kyrgyzstan,2016,Summer,Rio de Janeiro,Wrestling,NA
Bayu Baev,31,Bulgaria,1972,Summer,Munich,Wrestling,NA
Dariusz Edward Grzywiski,23,Poland,1992,Summer,Barcelona,Wrestling,NA
David Tengizovich Saldadze,26,Ukraine,2004,Summer,Athina,Wrestling,NA
Emil Ernst Vre (Viln),26,Finland,1912,Summer,Stockholm,Wrestling,Gold
Ern Mrkus,22,Hungary,1912,Summer,Stockholm,Wrestling,NA
Ion Pun,25,Romania,1976,Summer,Montreal,Wrestling,NA
Jarlis Ariel Mosquera Mosquera,24,Colombia,2008,Summer,Beijing,Wrestling,NA
Jurij Kohl,29,Germany,2004,Summer,Athina,Wrestling,NA
Kaori Icho,28,Japan,2012,Summer,London,Wrestling,Gold
Kim Hyeon-Wu,27,South Korea,2016,Summer,Rio de Janeiro,Wrestling,Bronze
Laszlo Kovacs,29,Australia,2000,Summer,Sydney,Wrestling,NA
li sayev,24,Azerbaijan,2008,Summer,Beijing,Wrestling,NA
Makoto Saito,21,Japan,1972,Summer,Munich,Wrestling,NA
Mikhail Vladimirovich Semyonov,24,Belarus,2008,Summer,Beijing,Wrestling,Bronze
Miroslav Luberda,24,Czechoslovakia,1988,Summer,Seoul,Wrestling,NA
"Moustapha ""Tapha"" Guye",26,Senegal,1988,Summer,Seoul,Wrestling,NA
Nasuh Akar,23,Turkey,1948,Summer,London,Wrestling,Gold
Noel O. Loban,31,Great Britain,1988,Summer,Seoul,Wrestling,NA
nver Beergil,26,Turkey,1964,Summer,Tokyo,Wrestling,NA
Roger Mannhard,28,France,1960,Summer,Roma,Wrestling,NA
Ronald Joseph,17,United States Virgin Islands,1976,Summer,Montreal,Wrestling,NA
Sayed Hafez Shehata,21,Egypt,1948,Summer,London,Wrestling,NA
Takamitsu Katayama,24,Japan,1996,Summer,Atlanta,Wrestling,NA
Tauno Antero Jaskari,18,Finland,1952,Summer,Helsinki,Wrestling,NA
Vladimer Khinchegashvili,21,Georgia,2012,Summer,London,Wrestling,Silver
"William Dean ""Bill"" Borders",22,United States,1952,Summer,Helsinki,Wrestling,NA
Yandro Miguel Quintana Rivalta,28,Cuba,2008,Summer,Beijing,Wrestling,NA